2020-12-18 18:00:00,-5088,15632,396,N
2020-12-18 18:00:01,-5068,15628,424,N
2020-12-18 18:00:02,-5124,15624,404,N
2020-12-18 18:00:03,-5072,15656,488,N
2020-12-18 18:00:04,-5108,15628,468,N
2020-12-18 18:00:05,-5084,15636,344,N
2020-12-18 18:00:06,-5084,15612,404,N
2020-12-18 18:00:07,-5024,15600,416,N
2020-12-18 18:00:08,-5096,15588,448,N
2020-12-18 18:00:09,-5056,15660,400,N
2020-12-18 18:00:10,-5060,15616,380,N
2020-12-18 18:00:11,-5068,15648,384,N
2020-12-18 18:00:12,-5060,15616,372,N
2020-12-18 18:00:13,-5068,15648,444,N
2020-12-18 18:00:14,-5068,15596,448,N
2020-12-18 18:00:15,-5088,15588,328,N
2020-12-18 18:00:16,-5108,15640,416,N
2020-12-18 18:00:17,-5136,15660,392,N
2020-12-18 18:00:18,-5068,15688,364,N
2020-12-18 18:00:19,-5112,15604,344,N
2020-12-18 18:00:20,-5152,15648,412,N
2020-12-18 18:00:22,-5100,15560,440,N
2020-12-18 18:00:23,-5132,15644,384,N
2020-12-18 18:00:24,-5108,15592,412,N
2020-12-18 18:00:25,-5152,15684,388,N
2020-12-18 18:00:26,-5108,15664,356,N
2020-12-18 18:00:27,-5076,15560,424,N
2020-12-18 18:00:28,-5076,15636,420,N
2020-12-18 18:00:29,-5056,15612,452,N
2020-12-18 18:00:30,-5172,15712,352,N
2020-12-18 18:00:31,-5100,15564,448,N
2020-12-18 18:00:32,-5152,15648,408,N
2020-12-18 18:00:33,-5092,15632,364,N
2020-12-18 18:00:34,-5100,15628,504,N
2020-12-18 18:00:36,-5080,15592,440,N
2020-12-18 18:00:37,-5144,15596,420,N
2020-12-18 18:00:38,-5080,15580,360,N
2020-12-18 18:00:39,-5096,15580,432,N
2020-12-18 18:00:40,-5108,15672,344,N
2020-12-18 18:00:41,-5020,15644,408,N
2020-12-18 18:00:42,-5104,15688,424,N
2020-12-18 18:00:43,-5060,15620,404,N
2020-12-18 18:00:44,-5124,15704,388,N
2020-12-18 18:00:45,-5068,15632,288,N
2020-12-18 18:00:46,-5076,15644,456,N
2020-12-18 18:00:47,-5068,15628,404,N
2020-12-18 18:00:48,-5132,15580,380,N
2020-12-18 18:00:49,-5100,15660,404,N
2020-12-18 18:00:50,-5048,15668,476,N
2020-12-18 18:00:51,-5072,15656,368,N
2020-12-18 18:00:52,-5112,15588,432,N
2020-12-18 18:00:53,-5108,15644,404,N
2020-12-18 18:00:54,-5212,15600,464,N
2020-12-18 18:00:55,-5124,15592,396,N
2020-12-18 18:00:56,-5032,15648,420,N
2020-12-18 18:00:57,-5056,15616,372,N
2020-12-18 18:00:58,-5116,15560,344,N
2020-12-18 18:00:59,-5060,15624,412,N
2020-12-18 18:01:00,-5076,15636,428,N
2020-12-18 18:01:01,-5060,15628,408,N
2020-12-18 18:01:02,-5072,15664,384,N
2020-12-18 18:01:03,-5064,15656,480,N
2020-12-18 18:01:04,-5040,15672,380,N
2020-12-18 18:01:05,-5108,15624,420,N
2020-12-18 18:01:06,-5092,15668,420,N
2020-12-18 18:01:07,-5084,15664,432,N
2020-12-18 18:01:08,-5056,15632,376,N
2020-12-18 18:01:09,-5040,15672,420,N
2020-12-18 18:01:10,-5056,15672,400,N
2020-12-18 18:01:11,-5104,15556,392,N
2020-12-18 18:01:12,-5072,15660,400,N
2020-12-18 18:01:13,-5132,15668,432,N
2020-12-18 18:01:14,-5076,15616,464,N
2020-12-18 18:01:15,-5012,15576,380,N
2020-12-18 18:01:16,-5104,15612,412,N
2020-12-18 18:01:17,-5028,15652,380,N
2020-12-18 18:01:18,-5136,15592,380,N
2020-12-18 18:01:19,-5072,15620,404,N
2020-12-18 18:01:20,-5156,15584,396,N
2020-12-18 18:01:21,-5108,15692,356,N
2020-12-18 18:01:22,-5052,15668,364,N
2020-12-18 18:01:23,-5132,15700,336,N
2020-12-18 18:01:24,-5060,15624,404,N
2020-12-18 18:01:25,-5096,15652,396,N
2020-12-18 18:01:26,-5148,15628,396,N
2020-12-18 18:01:27,-5128,15576,392,N
2020-12-18 18:01:28,-5068,15640,364,N
2020-12-18 18:01:29,-5172,15648,420,N
2020-12-18 18:01:30,-5108,15644,436,N
2020-12-18 18:01:31,-5068,15672,404,N
2020-12-18 18:01:32,-5060,15656,412,N
2020-12-18 18:01:33,-5084,15696,400,N
2020-12-18 18:01:34,-5080,15612,424,N
2020-12-18 18:01:35,-5148,15632,344,N
2020-12-18 18:01:36,-5016,15584,436,N
2020-12-18 18:01:37,-5040,15628,408,N
2020-12-18 18:01:38,-5076,15644,408,N
2020-12-18 18:01:39,-5064,15652,376,N
2020-12-18 18:01:40,-5036,15644,396,N
2020-12-18 18:01:41,-5064,15684,348,N
2020-12-18 18:01:42,-5064,15636,464,N
2020-12-18 18:01:43,-5140,15616,440,N
2020-12-18 18:01:44,-5104,15668,408,N
2020-12-18 18:01:45,-5120,15584,412,N
2020-12-18 18:01:46,-5052,15668,420,N
2020-12-18 18:01:47,-5156,15588,404,N
2020-12-18 18:01:48,-5120,15668,360,N
2020-12-18 18:01:49,-5152,15604,460,N
2020-12-18 18:01:50,-5140,15652,384,N
2020-12-18 18:01:51,-5072,15620,412,N
2020-12-18 18:01:52,-5028,15672,448,N
2020-12-18 18:01:53,-5048,15600,448,N
2020-12-18 18:01:54,-5092,15588,404,N
2020-12-18 18:01:55,-5164,15612,436,N
2020-12-18 18:01:56,-5020,15608,376,N
2020-12-18 18:01:57,-5064,15616,360,N
2020-12-18 18:01:58,-5132,15644,388,N
2020-12-18 18:01:59,-5128,15644,380,N
2020-12-18 18:02:00,-5024,15660,348,N
2020-12-18 18:02:01,-5124,15632,328,N
2020-12-18 18:02:02,-5128,15592,384,N
2020-12-18 18:02:03,-5084,15648,412,N
2020-12-18 18:02:04,-5096,15640,432,N
2020-12-18 18:02:05,-5108,15664,444,N
2020-12-18 18:02:06,-5056,15612,472,N
2020-12-18 18:02:07,-5076,15628,408,N
2020-12-18 18:02:08,-5048,15592,480,N
2020-12-18 18:02:09,-5080,15596,352,N
2020-12-18 18:02:10,-5048,15648,380,N
2020-12-18 18:02:11,-5100,15636,420,N
2020-12-18 18:02:12,-5072,15616,384,N
2020-12-18 18:02:13,-5036,15636,404,N
2020-12-18 18:02:14,-5136,15576,372,N
2020-12-18 18:02:15,-5156,15644,420,N
2020-12-18 18:02:16,-5112,15612,392,N
2020-12-18 18:02:17,-5060,15616,444,N
2020-12-18 18:02:18,-4976,15616,372,N
2020-12-18 18:02:19,-5088,15604,408,N
2020-12-18 18:02:20,-5124,15584,432,N
2020-12-18 18:02:21,-5052,15632,408,N
2020-12-18 18:02:22,-5136,15616,388,N
2020-12-18 18:02:23,-5068,15620,352,N
2020-12-18 18:02:24,-5068,15604,340,N
2020-12-18 18:02:25,-5060,15620,396,N
2020-12-18 18:02:26,-5104,15680,428,N
2020-12-18 18:02:27,-5052,15676,412,N
2020-12-18 18:02:28,-5024,15576,388,N
2020-12-18 18:02:29,-5084,15556,392,N
2020-12-18 18:02:30,-5104,15616,464,N
2020-12-18 18:02:31,-5036,15588,400,N
2020-12-18 18:02:32,-5116,15628,376,N
2020-12-18 18:02:33,-5060,15636,364,N
2020-12-18 18:02:34,-5096,15656,332,N
2020-12-18 18:02:35,-5132,15664,444,N
2020-12-18 18:02:36,-5124,15624,380,N
2020-12-18 18:02:37,-5132,15688,384,N
2020-12-18 18:02:38,-5044,15616,432,N
2020-12-18 18:02:39,-5052,15656,380,N
2020-12-18 18:02:40,-5140,15636,372,N
2020-12-18 18:02:41,-5044,15648,440,N
2020-12-18 18:02:42,-5100,15596,464,N
2020-12-18 18:02:43,-5056,15648,344,N
2020-12-18 18:02:44,-5096,15704,392,N
2020-12-18 18:02:45,-5000,15644,364,N
2020-12-18 18:02:46,-5132,15588,332,N
2020-12-18 18:02:47,-5032,15640,400,N
2020-12-18 18:02:48,-5012,15608,396,N
2020-12-18 18:02:49,-5136,15588,376,N
2020-12-18 18:02:50,-5088,15624,424,N
2020-12-18 18:02:51,-5096,15656,456,N
2020-12-18 18:02:52,-5092,15676,400,N
2020-12-18 18:02:53,-5148,15656,376,N
2020-12-18 18:02:54,-5056,15656,396,N
2020-12-18 18:02:55,-5072,15656,384,N
2020-12-18 18:02:56,-5072,15596,436,N
2020-12-18 18:02:57,-5084,15588,368,N
2020-12-18 18:02:58,-5084,15660,376,N
2020-12-18 18:02:59,-5072,15596,380,N
2020-12-18 18:03:00,-5052,15640,320,N
2020-12-18 18:03:01,-5084,15604,412,N
2020-12-18 18:03:02,-5072,15696,408,N
2020-12-18 18:03:03,-5084,15668,332,N
2020-12-18 18:03:04,-5076,15656,352,N
2020-12-18 18:03:05,-5012,15656,368,N
2020-12-18 18:03:06,-5064,15656,392,N
2020-12-18 18:03:07,-5116,15636,364,N
2020-12-18 18:03:08,-5152,15632,356,N
2020-12-18 18:03:09,-5068,15640,372,N
2020-12-18 18:03:10,-5092,15620,400,N
2020-12-18 18:03:11,-5076,15624,444,N
2020-12-18 18:03:12,-5040,15644,404,N
2020-12-18 18:03:13,-5032,15624,380,N
2020-12-18 18:03:14,-5048,15616,420,N
2020-12-18 18:03:15,-5076,15604,420,N
2020-12-18 18:03:16,-5156,15632,392,N
2020-12-18 18:03:17,-5080,15664,420,N
2020-12-18 18:03:18,-5140,15664,416,N
2020-12-18 18:03:19,-5068,15688,360,N
2020-12-18 18:03:20,-5080,15640,336,N
2020-12-18 18:03:21,-5056,15696,424,N
2020-12-18 18:03:22,-5096,15648,372,N
2020-12-18 18:03:23,-5140,15628,416,N
2020-12-18 18:03:24,-5108,15704,368,N
2020-12-18 18:03:25,-5088,15632,368,N
2020-12-18 18:03:26,-5072,15608,444,N
2020-12-18 18:03:27,-5076,15568,364,N
2020-12-18 18:03:28,-5096,15596,320,N
2020-12-18 18:03:29,-5048,15592,344,N
2020-12-18 18:03:30,-5064,15612,392,N
2020-12-18 18:03:31,-5120,15644,348,N
2020-12-18 18:03:32,-5072,15616,372,N
2020-12-18 18:03:33,-5052,15560,432,N
2020-12-18 18:03:34,-5060,15600,440,N
2020-12-18 18:03:35,-5084,15608,344,N
2020-12-18 18:03:36,-5120,15592,328,N
2020-12-18 18:03:37,-5048,15664,376,N
2020-12-18 18:03:38,-5032,15676,336,N
2020-12-18 18:03:39,-5072,15644,456,N
2020-12-18 18:03:40,-5056,15720,380,N
2020-12-18 18:03:41,-5064,15676,388,N
2020-12-18 18:03:42,-5020,15616,344,N
2020-12-18 18:03:43,-5140,15616,404,N
2020-12-18 18:03:44,-5100,15652,408,N
2020-12-18 18:03:45,-5092,15672,396,N
2020-12-18 18:03:46,-5076,15636,464,N
2020-12-18 18:03:47,-5092,15660,392,N
2020-12-18 18:03:48,-5060,15620,384,N
2020-12-18 18:03:49,-5072,15668,412,N
2020-12-18 18:03:50,-5076,15704,448,N
2020-12-18 18:03:51,-5052,15612,368,N
2020-12-18 18:03:52,-5088,15660,404,N
2020-12-18 18:03:53,-5084,15632,400,N
2020-12-18 18:03:54,-5096,15580,368,N
2020-12-18 18:03:55,-5076,15664,388,N
2020-12-18 18:03:56,-5032,15548,380,N
2020-12-18 18:03:57,-5164,15644,392,N
2020-12-18 18:03:58,-5032,15576,404,N
2020-12-18 18:03:59,-5108,15640,412,N
2020-12-18 18:04:00,-5060,15652,420,N
2020-12-18 18:04:01,-5112,15600,396,N
2020-12-18 18:04:02,-5076,15648,396,N
2020-12-18 18:04:03,-5056,15600,376,N
2020-12-18 18:04:04,-5120,15652,384,N
2020-12-18 18:04:05,-5176,15664,348,N
2020-12-18 18:04:06,-5140,15596,452,N
2020-12-18 18:04:07,-5132,15656,420,N
2020-12-18 18:04:08,-5040,15632,376,N
2020-12-18 18:04:09,-5124,15652,392,N
2020-12-18 18:04:10,-5072,15604,432,N
2020-12-18 18:04:11,-5076,15616,380,N
2020-12-18 18:04:12,-5000,15628,412,N
2020-12-18 18:04:13,-5124,15632,320,N
2020-12-18 18:04:14,-5120,15596,360,N
2020-12-18 18:04:15,-5084,15652,432,N
2020-12-18 18:04:16,-5112,15620,420,N
2020-12-18 18:04:17,-5140,15692,352,N
2020-12-18 18:04:18,-5064,15616,324,N
2020-12-18 18:04:19,-5052,15688,360,N
2020-12-18 18:04:20,-5084,15696,480,N
2020-12-18 18:04:21,-5100,15616,328,N
2020-12-18 18:04:22,-5088,15612,444,N
2020-12-18 18:04:23,-5112,15644,488,N
2020-12-18 18:04:24,-5152,15636,416,N
2020-12-18 18:04:25,-5120,15644,396,N
2020-12-18 18:04:26,-5068,15692,400,N
2020-12-18 18:04:27,-5156,15672,376,N
2020-12-18 18:04:28,-5116,15676,364,N
2020-12-18 18:04:29,-5076,15640,392,N
2020-12-18 18:04:30,-5048,15648,356,N
2020-12-18 18:04:31,-5020,15632,424,N
2020-12-18 18:04:32,-5156,15576,428,N
2020-12-18 18:04:33,-5068,15596,376,N
2020-12-18 18:04:34,-5060,15644,380,N
2020-12-18 18:04:35,-5124,15644,388,N
2020-12-18 18:04:36,-5108,15624,420,N
2020-12-18 18:04:37,-5096,15620,376,N
2020-12-18 18:04:38,-5020,15596,364,N
2020-12-18 18:04:39,-5092,15576,400,N
2020-12-18 18:04:40,-5116,15568,408,N
2020-12-18 18:04:41,-5108,15632,368,N
2020-12-18 18:04:42,-5132,15640,436,N
2020-12-18 18:04:43,-5076,15596,484,N
2020-12-18 18:04:44,-5116,15676,408,N
2020-12-18 18:04:45,-5084,15584,388,N
2020-12-18 18:04:46,-5088,15672,408,N
2020-12-18 18:04:47,-5096,15640,364,N
2020-12-18 18:04:48,-5056,15616,380,N
2020-12-18 18:04:49,-5032,15736,380,N
2020-12-18 18:04:50,-5048,15708,384,N
2020-12-18 18:04:51,-5112,15536,356,N
2020-12-18 18:04:52,-5088,15628,380,N
2020-12-18 18:04:53,-5156,15620,424,N
2020-12-18 18:04:54,-5024,15656,440,N
2020-12-18 18:04:55,-4988,15676,440,N
2020-12-18 18:04:56,-5052,15656,352,N
2020-12-18 18:04:57,-5104,15572,328,N
2020-12-18 18:04:58,-5136,15612,392,N
2020-12-18 18:04:59,-5092,15616,424,N
2020-12-18 18:05:00,-5104,15600,436,N
2020-12-18 18:05:01,-5060,15604,312,N
2020-12-18 18:05:02,-5072,15636,380,N
2020-12-18 18:05:03,-5092,15660,460,N
2020-12-18 18:05:04,-5036,15576,352,N
2020-12-18 18:05:05,-5036,15604,416,N
2020-12-18 18:05:06,-5132,15656,480,N
2020-12-18 18:05:07,-5068,15632,424,N
2020-12-18 18:05:08,-5056,15660,420,N
2020-12-18 18:05:09,-5080,15620,416,N
2020-12-18 18:05:10,-5128,15660,336,N
2020-12-18 18:05:11,-5072,15652,416,N
2020-12-18 18:05:12,-5072,15604,380,N
2020-12-18 18:05:13,-5144,15684,380,N
2020-12-18 18:05:14,-5096,15608,424,N
2020-12-18 18:05:15,-5100,15656,420,N
2020-12-18 18:05:16,-5064,15644,388,N
2020-12-18 18:05:17,-5116,15612,380,N
2020-12-18 18:05:18,-5108,15604,408,N
2020-12-18 18:05:19,-5072,15648,356,N
2020-12-18 18:05:20,-5048,15632,380,N
2020-12-18 18:05:21,-5064,15632,432,N
2020-12-18 18:05:22,-5100,15684,384,N
2020-12-18 18:05:23,-5092,15668,420,N
2020-12-18 18:05:24,-5152,15624,352,N
2020-12-18 18:05:25,-5092,15632,388,N
2020-12-18 18:05:26,-5060,15640,364,N
2020-12-18 18:05:27,-4988,15608,428,N
2020-12-18 18:05:28,-5068,15608,420,N
2020-12-18 18:05:29,-5132,15636,392,N
2020-12-18 18:05:30,-5032,15648,364,N
2020-12-18 18:05:31,-5108,15580,388,N
2020-12-18 18:05:32,-5116,15652,408,N
2020-12-18 18:05:33,-5120,15620,340,N
2020-12-18 18:05:34,-5032,15592,384,N
2020-12-18 18:05:35,-5092,15664,336,N
2020-12-18 18:05:36,-5060,15632,396,N
2020-12-18 18:05:37,-5056,15620,400,N
2020-12-18 18:05:38,-4996,15632,400,N
2020-12-18 18:05:41,-5088,15616,376,N
2020-12-18 18:05:42,-5028,15640,376,N
2020-12-18 18:05:43,-5104,15636,456,N
2020-12-18 18:05:44,-5076,15664,420,N
2020-12-18 18:05:45,-5100,15644,460,N
2020-12-18 18:05:46,-5096,15604,416,N
2020-12-18 18:05:47,-5088,15668,368,N
2020-12-18 18:05:48,-4968,15636,420,N
2020-12-18 18:05:49,-5100,15632,304,N
2020-12-18 18:05:50,-5104,15672,452,N
2020-12-18 18:05:51,-5088,15576,380,N
2020-12-18 18:05:52,-5088,15588,340,N
2020-12-18 18:05:53,-5076,15584,384,N
2020-12-18 18:05:54,-5136,15608,412,N
2020-12-18 18:05:55,-5128,15696,444,N
2020-12-18 18:05:56,-5056,15632,356,N
2020-12-18 18:05:57,-5104,15692,396,N
2020-12-18 18:05:58,-5028,15656,460,N
2020-12-18 18:05:59,-5108,15632,388,N
2020-12-18 18:06:00,-5096,15616,452,N
2020-12-18 18:06:01,-5108,15628,380,N
2020-12-18 18:06:02,-5092,15652,392,N
2020-12-18 18:06:03,-5124,15652,392,N
2020-12-18 18:06:04,-5108,15712,344,N
2020-12-18 18:06:05,-5132,15580,300,N
2020-12-18 18:06:06,-5056,15600,348,N
2020-12-18 18:06:07,-5116,15660,396,N
2020-12-18 18:06:08,-5100,15672,384,N
2020-12-18 18:06:09,-5028,15644,372,N
2020-12-18 18:06:10,-5092,15636,436,N
2020-12-18 18:06:11,-5132,15620,388,N
2020-12-18 18:06:12,-5080,15588,452,N
2020-12-18 18:06:13,-5080,15624,376,N
2020-12-18 18:06:14,-5120,15672,412,N
2020-12-18 18:06:15,-5032,15656,448,N
2020-12-18 18:06:16,-5064,15628,308,N
2020-12-18 18:06:17,-5124,15676,404,N
2020-12-18 18:06:18,-5064,15664,396,N
2020-12-18 18:06:19,-5120,15632,384,N
2020-12-18 18:06:20,-5116,15576,400,N
2020-12-18 18:06:21,-5036,15656,436,N
2020-12-18 18:06:22,-5148,15612,428,N
2020-12-18 18:06:23,-5072,15656,416,N
2020-12-18 18:06:24,-5036,15652,440,N
2020-12-18 18:06:25,-5080,15628,316,N
2020-12-18 18:06:26,-5072,15656,360,N
2020-12-18 18:06:27,-5104,15664,368,N
2020-12-18 18:06:28,-5076,15684,400,N
2020-12-18 18:06:29,-5036,15696,380,N
2020-12-18 18:06:30,-5024,15652,444,N
2020-12-18 18:06:31,-5100,15652,432,N
2020-12-18 18:06:32,-5152,15592,380,N
2020-12-18 18:06:33,-5064,15620,344,N
2020-12-18 18:06:34,-5068,15616,456,N
2020-12-18 18:06:35,-5068,15600,396,N
2020-12-18 18:06:36,-5100,15668,412,N
2020-12-18 18:06:37,-5088,15680,420,N
2020-12-18 18:06:38,-5032,15592,412,N
2020-12-18 18:06:39,-5172,15672,476,N
2020-12-18 18:06:40,-5104,15556,348,N
2020-12-18 18:06:41,-5020,15612,428,N
2020-12-18 18:06:42,-4992,15680,288,N
2020-12-18 18:06:43,-5060,15596,312,N
2020-12-18 18:06:44,-5016,15624,356,N
2020-12-18 18:06:45,-5156,15640,448,N
2020-12-18 18:06:47,-5084,15708,316,N
2020-12-18 18:06:48,-5076,15640,448,N
2020-12-18 18:06:49,-5028,15628,464,N
2020-12-18 18:06:50,-4988,15592,384,N
2020-12-18 18:06:51,-5076,15652,412,N
2020-12-18 18:06:52,-5092,15660,380,N
2020-12-18 18:06:53,-5088,15644,400,N
2020-12-18 18:06:54,-5136,15692,408,N
2020-12-18 18:06:55,-5132,15672,380,N
2020-12-18 18:06:56,-5104,15644,412,N
2020-12-18 18:06:57,-5076,15628,400,N
2020-12-18 18:06:58,-5088,15696,352,N
2020-12-18 18:06:59,-5132,15680,380,N
2020-12-18 18:07:00,-5088,15632,400,N
2020-12-18 18:07:01,-5144,15628,376,N
2020-12-18 18:07:02,-5100,15680,356,N
2020-12-18 18:07:03,-5016,15644,440,N
2020-12-18 18:07:04,-5136,15680,360,N
2020-12-18 18:07:05,-5100,15700,396,N
2020-12-18 18:07:06,-5160,15640,424,N
2020-12-18 18:07:07,-5100,15628,352,N
2020-12-18 18:07:08,-5084,15636,376,N
2020-12-18 18:07:09,-5084,15600,436,N
2020-12-18 18:07:10,-5100,15728,412,N
2020-12-18 18:07:11,-5108,15636,352,N
2020-12-18 18:07:12,-5120,15640,392,N
2020-12-18 18:07:13,-5108,15636,416,N
2020-12-18 18:07:14,-5036,15600,412,N
2020-12-18 18:07:15,-5104,15628,320,N
2020-12-18 18:07:16,-5092,15604,384,N
2020-12-18 18:07:17,-5104,15656,372,N
2020-12-18 18:07:19,-5124,15648,364,N
2020-12-18 18:07:20,-5008,15692,404,N
2020-12-18 18:07:21,-5116,15604,504,N
2020-12-18 18:07:22,-5124,15552,368,N
2020-12-18 18:07:23,-5108,15664,404,N
2020-12-18 18:07:25,-5100,15608,456,N
2020-12-18 18:07:26,-5136,15620,344,N
2020-12-18 18:07:27,-5084,15656,436,N
2020-12-18 18:07:28,-5080,15652,404,N
2020-12-18 18:07:29,-5052,15628,360,N
2020-12-18 18:07:30,-5112,15684,436,N
2020-12-18 18:07:31,-5008,15676,440,N
2020-12-18 18:07:32,-5140,15556,412,N
2020-12-18 18:07:33,-5092,15608,372,N
2020-12-18 18:07:34,-5096,15692,404,N
2020-12-18 18:07:35,-5084,15664,480,N
2020-12-18 18:07:36,-5044,15576,368,N
2020-12-18 18:07:37,-5152,15580,396,N
2020-12-18 18:07:38,-5068,15632,400,N
2020-12-18 18:07:39,-5140,15656,384,N
2020-12-18 18:07:40,-5052,15580,368,N
2020-12-18 18:07:41,-5080,15624,392,N
2020-12-18 18:07:42,-5100,15628,432,N
2020-12-18 18:07:43,-5120,15644,428,N
2020-12-18 18:07:44,-5120,15624,452,N
2020-12-18 18:07:45,-5212,15652,392,N
2020-12-18 18:07:46,-5092,15616,388,N
2020-12-18 18:07:47,-5128,15644,388,N
2020-12-18 18:07:48,-5084,15556,384,N
2020-12-18 18:07:49,-5112,15636,360,N
2020-12-18 18:07:50,-5108,15672,388,N
2020-12-18 18:07:51,-5100,15580,448,N
2020-12-18 18:07:52,-5076,15680,364,N
2020-12-18 18:07:53,-5108,15668,356,N
2020-12-18 18:07:54,-5140,15668,404,N
2020-12-18 18:07:55,-5048,15640,456,N
2020-12-18 18:07:56,-5120,15668,408,N
2020-12-18 18:07:57,-5080,15656,436,N
2020-12-18 18:07:58,-4996,15668,404,N
2020-12-18 18:07:59,-5016,15596,412,N
2020-12-18 18:08:00,-5056,15664,404,N
2020-12-18 18:08:01,-5120,15560,440,N
2020-12-18 18:08:02,-5096,15636,424,N
2020-12-18 18:08:03,-5144,15604,432,N
2020-12-18 18:08:04,-5068,15636,448,N
2020-12-18 18:08:05,-5120,15636,412,N
2020-12-18 18:08:06,-5024,15708,436,N
2020-12-18 18:08:07,-5056,15656,456,N
2020-12-18 18:08:08,-5092,15632,344,N
2020-12-18 18:08:09,-5060,15632,388,N
2020-12-18 18:08:10,-5004,15636,400,N
2020-12-18 18:08:11,-5104,15544,404,N
2020-12-18 18:08:12,-5152,15644,396,N
2020-12-18 18:08:13,-5016,15620,404,N
2020-12-18 18:08:14,-5036,15636,372,N
2020-12-18 18:08:15,-5052,15572,404,N
2020-12-18 18:08:16,-5056,15640,452,N
2020-12-18 18:08:17,-5064,15672,392,N
2020-12-18 18:08:18,-5028,15624,408,N
2020-12-18 18:08:19,-5080,15560,444,N
2020-12-18 18:08:20,-5120,15668,448,N
2020-12-18 18:08:21,-5084,15668,356,N
2020-12-18 18:08:22,-5064,15696,416,N
2020-12-18 18:08:23,-5092,15532,368,N
2020-12-18 18:08:24,-5088,15588,400,N
2020-12-18 18:08:25,-5028,15632,428,N
2020-12-18 18:08:26,-5056,15612,412,N
2020-12-18 18:08:27,-5064,15680,412,N
2020-12-18 18:08:28,-5076,15620,416,N
2020-12-18 18:08:29,-5148,15648,448,N
2020-12-18 18:08:30,-5036,15632,364,N
2020-12-18 18:08:31,-5128,15596,376,N
2020-12-18 18:08:32,-5068,15604,384,N
2020-12-18 18:08:33,-5080,15656,344,N
2020-12-18 18:08:34,-5112,15628,400,N
2020-12-18 18:08:35,-5072,15676,372,N
2020-12-18 18:08:36,-5116,15640,384,N
2020-12-18 18:08:37,-5100,15672,364,N
2020-12-18 18:08:38,-5076,15608,472,N
2020-12-18 18:08:39,-5068,15664,352,N
2020-12-18 18:08:40,-5112,15608,372,N
2020-12-18 18:08:41,-5064,15632,324,N
2020-12-18 18:08:42,-5088,15604,428,N
2020-12-18 18:08:43,-5120,15628,376,N
2020-12-18 18:08:44,-5124,15612,380,N
2020-12-18 18:08:45,-5044,15652,396,N
2020-12-18 18:08:46,-5136,15616,396,N
2020-12-18 18:08:47,-4996,15668,392,N
2020-12-18 18:08:48,-5028,15636,380,N
2020-12-18 18:08:49,-5152,15624,388,N
2020-12-18 18:08:50,-5048,15624,348,N
2020-12-18 18:08:51,-5052,15624,408,N
2020-12-18 18:08:52,-5068,15592,392,N
2020-12-18 18:08:53,-5140,15580,400,N
2020-12-18 18:08:54,-5092,15676,392,N
2020-12-18 18:08:55,-5080,15588,380,N
2020-12-18 18:08:56,-5076,15612,388,N
2020-12-18 18:08:57,-5088,15564,376,N
2020-12-18 18:08:58,-5056,15576,352,N
2020-12-18 18:08:59,-5124,15616,408,N
2020-12-18 18:09:00,-5156,15568,292,N
2020-12-18 18:09:01,-4940,15680,440,N
2020-12-18 18:09:02,-5112,15600,396,N
2020-12-18 18:09:03,-5108,15648,424,N
2020-12-18 18:09:04,-5120,15576,388,N
2020-12-18 18:09:05,-5048,15632,392,N
2020-12-18 18:09:06,-5044,15596,412,N
2020-12-18 18:09:07,-5092,15612,388,N
2020-12-18 18:09:08,-5080,15612,384,N
2020-12-18 18:09:09,-5152,15596,376,N
2020-12-18 18:09:10,-5076,15632,416,N
2020-12-18 18:09:11,-5000,15636,280,N
2020-12-18 18:09:12,-5032,15628,360,N
2020-12-18 18:09:13,-5052,15656,352,N
2020-12-18 18:09:14,-5144,15660,392,N
2020-12-18 18:09:15,-5068,15608,356,N
2020-12-18 18:09:16,-5164,15640,400,N
2020-12-18 18:09:17,-5072,15656,476,N
2020-12-18 18:09:18,-5084,15668,364,N
2020-12-18 18:09:19,-5116,15688,320,N
2020-12-18 18:09:20,-5124,15656,364,N
2020-12-18 18:09:21,-5048,15624,368,N
2020-12-18 18:09:22,-5036,15692,424,N
2020-12-18 18:09:23,-5140,15636,348,N
2020-12-18 18:09:24,-5096,15632,324,N
2020-12-18 18:09:25,-5136,15704,452,N
2020-12-18 18:09:26,-5096,15640,360,N
2020-12-18 18:09:27,-5104,15652,380,N
2020-12-18 18:09:28,-5108,15640,472,N
2020-12-18 18:09:29,-5136,15620,400,N
2020-12-18 18:09:30,-5084,15636,336,N
2020-12-18 18:09:31,-5080,15656,360,N
2020-12-18 18:09:32,-5060,15608,428,N
2020-12-18 18:09:33,-5100,15572,428,N
2020-12-18 18:09:34,-5088,15584,408,N
2020-12-18 18:09:35,-5080,15648,420,N
2020-12-18 18:09:36,-5168,15552,480,N
2020-12-18 18:09:37,-5096,15588,376,N
2020-12-18 18:09:38,-5040,15640,312,N
2020-12-18 18:09:39,-5092,15576,356,N
2020-12-18 18:09:40,-5112,15644,476,N
2020-12-18 18:09:41,-5100,15668,424,N
2020-12-18 18:09:42,-5040,15652,396,N
2020-12-18 18:09:44,-5052,15660,348,N
2020-12-18 18:09:45,-5072,15640,368,N
2020-12-18 18:09:46,-5020,15620,392,N
2020-12-18 18:09:47,-5048,15648,408,N
2020-12-18 18:09:48,-5044,15620,460,N
2020-12-18 18:09:49,-5100,15604,436,N
2020-12-18 18:09:50,-5088,15628,392,N
2020-12-18 18:09:51,-5068,15600,436,N
2020-12-18 18:09:52,-5092,15656,376,N
2020-12-18 18:09:53,-5144,15684,444,N
2020-12-18 18:09:54,-5068,15652,432,N
2020-12-18 18:09:55,-5132,15612,400,N
2020-12-18 18:09:56,-5136,15648,388,N
2020-12-18 18:09:57,-5140,15628,388,N
2020-12-18 18:09:58,-5024,15620,444,N
2020-12-18 18:09:59,-5120,15704,332,N
2020-12-18 18:10:00,-5128,15600,368,N
2020-12-18 18:10:01,-5080,15616,452,N
2020-12-18 18:10:02,-5100,15640,352,N
2020-12-18 18:10:03,-5048,15636,360,N
2020-12-18 18:10:04,-5052,15632,400,N
2020-12-18 18:10:05,-5060,15632,412,N
2020-12-18 18:10:06,-5028,15668,384,N
2020-12-18 18:10:07,-5052,15584,372,N
2020-12-18 18:10:08,-5092,15600,408,N
2020-12-18 18:10:09,-5056,15604,412,N
2020-12-18 18:10:10,-5120,15656,388,N
2020-12-18 18:10:11,-5084,15612,344,N
2020-12-18 18:10:12,-5120,15620,384,N
2020-12-18 18:10:13,-5104,15616,432,N
2020-12-18 18:10:14,-5060,15592,412,N
2020-12-18 18:10:15,-5124,15592,440,N
2020-12-18 18:10:16,-5088,15644,344,N
2020-12-18 18:10:17,-5000,15612,364,N
2020-12-18 18:10:18,-5128,15636,332,N
2020-12-18 18:10:19,-5056,15640,384,N
2020-12-18 18:10:20,-5056,15672,436,N
2020-12-18 18:10:21,-5096,15584,348,N
2020-12-18 18:10:22,-5052,15644,420,N
2020-12-18 18:10:23,-5140,15648,440,N
2020-12-18 18:10:24,-5016,15600,444,N
2020-12-18 18:10:25,-5088,15664,372,N
2020-12-18 18:10:26,-5080,15640,408,N
2020-12-18 18:10:27,-5088,15612,384,N
2020-12-18 18:10:28,-5120,15676,356,N
2020-12-18 18:10:29,-5028,15628,384,N
2020-12-18 18:10:30,-5104,15668,384,N
2020-12-18 18:10:31,-5028,15660,476,N
2020-12-18 18:10:32,-5080,15616,372,N
2020-12-18 18:10:33,-5108,15632,352,N
2020-12-18 18:10:34,-5052,15632,384,N
2020-12-18 18:10:35,-5108,15676,340,N
2020-12-18 18:10:36,-5084,15628,388,N
2020-12-18 18:10:37,-5088,15728,384,N
2020-12-18 18:10:38,-5088,15700,376,N
2020-12-18 18:10:39,-5060,15628,408,N
2020-12-18 18:10:40,-5096,15628,400,N
2020-12-18 18:10:41,-5036,15624,356,N
2020-12-18 18:10:42,-5084,15620,380,N
2020-12-18 18:10:43,-5128,15596,400,N
2020-12-18 18:10:44,-5152,15636,384,N
2020-12-18 18:10:45,-5088,15680,396,N
2020-12-18 18:10:46,-5060,15692,412,N
2020-12-18 18:10:47,-4996,15608,452,N
2020-12-18 18:10:48,-5128,15624,400,N
2020-12-18 18:10:49,-5112,15580,460,N
2020-12-18 18:10:50,-5080,15632,444,N
2020-12-18 18:10:51,-5116,15596,428,N
2020-12-18 18:10:52,-5060,15620,400,N
2020-12-18 18:10:53,-5092,15588,392,N
2020-12-18 18:10:54,-5068,15644,416,N
2020-12-18 18:10:55,-5100,15636,404,N
2020-12-18 18:10:56,-5100,15676,420,N
2020-12-18 18:10:57,-5048,15588,372,N
2020-12-18 18:10:58,-5064,15648,400,N
2020-12-18 18:10:59,-4976,15652,464,N
2020-12-18 18:11:00,-5060,15528,420,N
2020-12-18 18:11:01,-5168,15592,432,N
2020-12-18 18:11:02,-5124,15616,412,N
2020-12-18 18:11:03,-5100,15640,412,N
2020-12-18 18:11:04,-5036,15648,440,N
2020-12-18 18:11:05,-5104,15624,404,N
2020-12-18 18:11:06,-5056,15640,348,N
2020-12-18 18:11:07,-5120,15624,368,N
2020-12-18 18:11:08,-5116,15688,352,N
2020-12-18 18:11:09,-5068,15612,396,N
2020-12-18 18:11:10,-5036,15604,420,N
2020-12-18 18:11:11,-5080,15632,420,N
2020-12-18 18:11:12,-5140,15640,368,N
2020-12-18 18:11:13,-5076,15668,364,N
2020-12-18 18:11:14,-5108,15684,432,N
2020-12-18 18:11:15,-5072,15612,356,N
2020-12-18 18:11:16,-5104,15648,436,N
2020-12-18 18:11:17,-5084,15576,412,N
2020-12-18 18:11:18,-5128,15680,392,N
2020-12-18 18:11:19,-5056,15696,408,N
2020-12-18 18:11:20,-5076,15656,416,N
2020-12-18 18:11:21,-5108,15648,388,N
2020-12-18 18:11:22,-5064,15632,356,N
2020-12-18 18:11:23,-5144,15628,392,N
2020-12-18 18:11:24,-5104,15612,336,N
2020-12-18 18:11:25,-5120,15672,352,N
2020-12-18 18:11:26,-5116,15608,380,N
2020-12-18 18:11:27,-5156,15616,352,N
2020-12-18 18:11:28,-5004,15672,436,N
2020-12-18 18:11:29,-5104,15668,356,N
2020-12-18 18:11:30,-5096,15632,456,N
2020-12-18 18:11:31,-5108,15632,352,N
2020-12-18 18:11:32,-5124,15660,420,N
2020-12-18 18:11:33,-5116,15644,328,N
2020-12-18 18:11:34,-5076,15648,368,N
2020-12-18 18:11:35,-5088,15588,492,N
2020-12-18 18:11:36,-5156,15672,416,N
2020-12-18 18:11:37,-5044,15596,284,N
2020-12-18 18:11:38,-5088,15652,384,N
2020-12-18 18:11:39,-5164,15664,328,N
2020-12-18 18:11:40,-5008,15648,368,N
2020-12-18 18:11:41,-5092,15644,388,N
2020-12-18 18:11:42,-5044,15648,372,N
2020-12-18 18:11:43,-5032,15652,416,N
2020-12-18 18:11:44,-5080,15592,428,N
2020-12-18 18:11:45,-5080,15652,456,N
2020-12-18 18:11:46,-5100,15640,380,N
2020-12-18 18:11:47,-5084,15604,408,N
2020-12-18 18:11:48,-5048,15668,392,N
2020-12-18 18:11:49,-5088,15620,388,N
2020-12-18 18:11:50,-5072,15588,372,N
2020-12-18 18:11:51,-5088,15604,392,N
2020-12-18 18:11:52,-5076,15632,420,N
2020-12-18 18:11:53,-5096,15628,444,N
2020-12-18 18:11:54,-5120,15624,464,N
2020-12-18 18:11:55,-5108,15632,416,N
2020-12-18 18:11:56,-5104,15680,356,N
2020-12-18 18:11:57,-5088,15596,376,N
2020-12-18 18:11:58,-5140,15668,424,N
2020-12-18 18:11:59,-5100,15644,388,N
2020-12-18 18:12:00,-5092,15640,416,N
2020-12-18 18:12:01,-5124,15612,408,N
2020-12-18 18:12:02,-4980,15664,404,N
2020-12-18 18:12:03,-5124,15632,436,N
2020-12-18 18:12:04,-5140,15632,392,N
2020-12-18 18:12:05,-5080,15620,420,N
2020-12-18 18:12:06,-5040,15696,436,N
2020-12-18 18:12:07,-5120,15660,424,N
2020-12-18 18:12:08,-5096,15600,380,N
2020-12-18 18:12:09,-5048,15676,504,N
2020-12-18 18:12:10,-5140,15668,440,N
2020-12-18 18:12:11,-5076,15672,432,N
2020-12-18 18:12:12,-5116,15660,456,N
2020-12-18 18:12:13,-5100,15536,372,N
2020-12-18 18:12:14,-5072,15644,368,N
2020-12-18 18:12:15,-5096,15608,328,N
2020-12-18 18:12:16,-5136,15636,356,N
2020-12-18 18:12:17,-5052,15604,256,N
2020-12-18 18:12:18,-5096,15632,420,N
2020-12-18 18:12:19,-5068,15640,408,N
2020-12-18 18:12:20,-5008,15672,364,N
2020-12-18 18:12:21,-5092,15636,352,N
2020-12-18 18:12:22,-5080,15624,380,N
2020-12-18 18:12:23,-5072,15632,344,N
2020-12-18 18:12:24,-5104,15636,328,N
2020-12-18 18:12:25,-5084,15652,456,N
2020-12-18 18:12:26,-5108,15600,436,N
2020-12-18 18:12:27,-5084,15628,380,N
2020-12-18 18:12:28,-5052,15656,416,N
2020-12-18 18:12:29,-5096,15672,464,N
2020-12-18 18:12:30,-5084,15672,388,N
2020-12-18 18:12:31,-5092,15656,368,N
2020-12-18 18:12:32,-5132,15612,412,N
2020-12-18 18:12:33,-5136,15580,376,N
2020-12-18 18:12:34,-5156,15604,384,N
2020-12-18 18:12:35,-5100,15668,424,N
2020-12-18 18:12:36,-5080,15652,436,N
2020-12-18 18:12:37,-5052,15588,372,N
2020-12-18 18:12:38,-5076,15684,416,N
2020-12-18 18:12:39,-5020,15652,404,N
2020-12-18 18:12:40,-5164,15668,408,N
2020-12-18 18:12:41,-5112,15600,376,N
2020-12-18 18:12:42,-5088,15604,360,N
2020-12-18 18:12:43,-5068,15572,408,N
2020-12-18 18:12:44,-5056,15604,436,N
2020-12-18 18:12:45,-5112,15692,412,N
2020-12-18 18:12:46,-5048,15624,456,N
2020-12-18 18:12:47,-5088,15716,348,N
2020-12-18 18:12:48,-5080,15648,388,N
2020-12-18 18:12:49,-5072,15632,384,N
2020-12-18 18:12:50,-5052,15656,420,N
2020-12-18 18:12:51,-5120,15616,388,N
2020-12-18 18:12:52,-5088,15704,392,N
2020-12-18 18:12:54,-5008,15648,460,N
2020-12-18 18:12:55,-5056,15628,404,N
2020-12-18 18:12:59,-5052,15688,388,N
2020-12-18 18:13:00,-5056,15696,360,N
2020-12-18 18:13:01,-5100,15692,356,N
2020-12-18 18:13:02,-5060,15620,404,N
2020-12-18 18:13:03,-5092,15580,364,N
2020-12-18 18:13:04,-5112,15628,424,N
2020-12-18 18:13:06,-5116,15604,360,N
2020-12-18 18:13:07,-5068,15620,432,N
2020-12-18 18:13:08,-5036,15652,308,N
2020-12-18 18:13:09,-5028,15640,408,N
2020-12-18 18:13:12,-5048,15644,356,N
2020-12-18 18:13:13,-5116,15600,396,N
2020-12-18 18:13:14,-5116,15660,384,N
2020-12-18 18:13:15,-5084,15664,384,N
2020-12-18 18:13:16,-5072,15624,364,N
2020-12-18 18:13:17,-5108,15588,392,N
2020-12-18 18:13:20,-5136,15624,392,N
2020-12-18 18:13:21,-5108,15684,372,N
2020-12-18 18:13:22,-5064,15676,440,N
2020-12-18 18:13:23,-5088,15604,408,N
2020-12-18 18:13:24,-5116,15660,424,N
2020-12-18 18:13:25,-5020,15632,432,N
2020-12-18 18:13:26,-5104,15620,424,N
2020-12-18 18:13:27,-5084,15664,364,N
2020-12-18 18:13:28,-5096,15636,460,N
2020-12-18 18:13:29,-5120,15656,448,N
2020-12-18 18:13:30,-5100,15656,392,N
2020-12-18 18:13:31,-5084,15660,424,N
2020-12-18 18:13:32,-5128,15624,408,N
2020-12-18 18:13:33,-5056,15660,396,N
2020-12-18 18:13:34,-5080,15640,436,N
2020-12-18 18:13:35,-5036,15644,340,N
2020-12-18 18:13:36,-5136,15656,396,N
2020-12-18 18:13:37,-5076,15612,368,N
2020-12-18 18:13:38,-5004,15668,416,N
2020-12-18 18:13:39,-5092,15596,420,N
2020-12-18 18:13:40,-5108,15624,408,N
2020-12-18 18:13:41,-5092,15580,376,N
2020-12-18 18:13:43,-5072,15616,404,N
2020-12-18 18:13:44,-5100,15612,484,N
2020-12-18 18:13:47,-5112,15660,416,N
2020-12-18 18:13:50,-5044,15660,424,N
2020-12-18 18:13:51,-5084,15680,408,N
2020-12-18 18:13:53,-5076,15640,368,N
2020-12-18 18:13:56,-5160,15596,352,N
2020-12-18 18:13:58,-5048,15680,400,N
2020-12-18 18:13:59,-5032,15580,396,N
2020-12-18 18:14:00,-5036,15624,364,N
2020-12-18 18:14:01,-5072,15652,412,N
2020-12-18 18:14:02,-5072,15652,420,N
2020-12-18 18:14:03,-5120,15604,380,N
2020-12-18 18:14:04,-5136,15600,424,N
2020-12-18 18:14:05,-5064,15632,372,N
2020-12-18 18:14:06,-5180,15644,448,N
2020-12-18 18:14:07,-5060,15604,372,N
2020-12-18 18:14:08,-5100,15624,404,N
2020-12-18 18:14:09,-5036,15568,404,N
2020-12-18 18:14:14,-5076,15692,404,N
2020-12-18 18:14:15,-5100,15632,452,N
2020-12-18 18:14:16,-5104,15556,416,N
2020-12-18 18:14:17,-5024,15668,408,N
2020-12-18 18:14:18,-5076,15616,356,N
2020-12-18 18:14:19,-5048,15668,424,N
2020-12-18 18:14:20,-5104,15604,372,N
2020-12-18 18:14:21,-5104,15664,360,N
2020-12-18 18:14:22,-5032,15640,432,N
2020-12-18 18:14:23,-5124,15624,476,N
2020-12-18 18:14:24,-5080,15644,364,N
2020-12-18 18:14:25,-5108,15644,412,N
2020-12-18 18:14:26,-5032,15664,468,N
2020-12-18 18:14:28,-5080,15632,484,N
2020-12-18 18:14:31,-5092,15652,416,N
2020-12-18 18:14:32,-5120,15688,388,N
2020-12-18 18:14:33,-5120,15660,344,N
2020-12-18 18:14:34,-5072,15628,416,N
2020-12-18 18:14:35,-5056,15732,336,N
2020-12-18 18:14:36,-5032,15588,432,N
2020-12-18 18:14:37,-5048,15632,408,N
2020-12-18 18:14:38,-5164,15608,424,N
2020-12-18 18:14:39,-5112,15584,388,N
2020-12-18 18:14:40,-5112,15620,416,N
2020-12-18 18:14:41,-5040,15628,388,N
2020-12-18 18:14:42,-5088,15608,396,N
2020-12-18 18:14:43,-5052,15672,376,N
2020-12-18 18:14:44,-5100,15628,408,N
2020-12-18 18:14:45,-5136,15612,368,N
2020-12-18 18:14:46,-5116,15720,348,N
2020-12-18 18:14:47,-5092,15640,356,N
2020-12-18 18:14:48,-5004,15628,388,N
2020-12-18 18:14:49,-5084,15648,380,N
2020-12-18 18:14:50,-5136,15604,400,N
2020-12-18 18:14:51,-5080,15716,360,N
2020-12-18 18:14:52,-5076,15680,388,N
2020-12-18 18:14:53,-5096,15628,384,N
2020-12-18 18:14:54,-5072,15576,316,N
2020-12-18 18:14:55,-5076,15592,464,N
2020-12-18 18:14:56,-5116,15668,464,N
2020-12-18 18:14:57,-5116,15636,368,N
2020-12-18 18:14:58,-5136,15668,392,N
2020-12-18 18:14:59,-5100,15656,460,N
2020-12-18 18:15:00,-5104,15616,392,N
2020-12-18 18:15:01,-5092,15664,472,N
2020-12-18 18:15:02,-5168,15616,332,N
2020-12-18 18:15:03,-5056,15636,384,N
2020-12-18 18:15:04,-5084,15656,340,N
2020-12-18 18:15:05,-5084,15668,388,N
2020-12-18 18:15:06,-5088,15632,444,N
2020-12-18 18:15:07,-5072,15696,440,N
2020-12-18 18:15:08,-5096,15676,420,N
2020-12-18 18:15:09,-5108,15664,300,N
2020-12-18 18:15:10,-5064,15664,392,N
2020-12-18 18:15:11,-5048,15664,364,N
2020-12-18 18:15:12,-5084,15620,408,N
2020-12-18 18:15:13,-5032,15660,464,N
2020-12-18 18:15:14,-5108,15672,404,N
2020-12-18 18:15:15,-5056,15556,412,N
2020-12-18 18:15:16,-5128,15600,376,N
2020-12-18 18:15:17,-5104,15620,380,N
2020-12-18 18:15:18,-5032,15628,404,N
2020-12-18 18:15:19,-5040,15652,340,N
2020-12-18 18:15:20,-5120,15612,400,N
2020-12-18 18:15:21,-5020,15624,452,N
2020-12-18 18:15:22,-5064,15612,476,N
2020-12-18 18:15:23,-5088,15636,428,N
2020-12-18 18:15:24,-5096,15628,468,N
2020-12-18 18:15:25,-5100,15680,380,N
2020-12-18 18:15:26,-5024,15644,368,N
2020-12-18 18:15:27,-5000,15580,384,N
2020-12-18 18:15:28,-5140,15628,420,N
2020-12-18 18:15:29,-5048,15620,452,N
2020-12-18 18:15:30,-5092,15660,480,N
2020-12-18 18:15:31,-5096,15624,476,N
2020-12-18 18:15:32,-5092,15644,376,N
2020-12-18 18:15:33,-5108,15604,372,N
2020-12-18 18:15:34,-5116,15692,344,N
2020-12-18 18:15:35,-5084,15628,464,N
2020-12-18 18:15:36,-5032,15652,412,N
2020-12-18 18:15:37,-5092,15676,472,N
2020-12-18 18:15:38,-5108,15632,400,N
2020-12-18 18:15:39,-5040,15640,404,N
2020-12-18 18:15:40,-5080,15628,400,N
2020-12-18 18:15:41,-5032,15648,376,N
2020-12-18 18:15:42,-5128,15628,404,N
2020-12-18 18:15:43,-5100,15624,388,N
2020-12-18 18:15:44,-5016,15572,444,N
2020-12-18 18:15:45,-5044,15608,456,N
2020-12-18 18:15:46,-5036,15620,428,N
2020-12-18 18:15:47,-5096,15644,432,N
2020-12-18 18:15:48,-5064,15628,484,N
2020-12-18 18:15:49,-5132,15592,360,N
2020-12-18 18:15:50,-5148,15652,404,N
2020-12-18 18:15:51,-5060,15632,440,N
2020-12-18 18:15:52,-5164,15616,356,N
2020-12-18 18:15:53,-5088,15676,376,N
2020-12-18 18:15:54,-5076,15652,404,N
2020-12-18 18:15:55,-5124,15604,428,N
2020-12-18 18:15:56,-5088,15612,364,N
2020-12-18 18:15:57,-5068,15636,440,N
2020-12-18 18:15:58,-5084,15680,444,N
2020-12-18 18:15:59,-5092,15656,356,N
2020-12-18 18:16:00,-5036,15596,432,N
2020-12-18 18:16:01,-5108,15624,448,N
2020-12-18 18:16:02,-5104,15592,396,N
2020-12-18 18:16:03,-5100,15656,360,N
2020-12-18 18:16:04,-5108,15632,444,N
2020-12-18 18:16:05,-5068,15656,408,N
2020-12-18 18:16:06,-5120,15620,396,N
2020-12-18 18:16:07,-5084,15584,392,N
2020-12-18 18:16:08,-5104,15668,392,N
2020-12-18 18:16:09,-5072,15608,460,N
2020-12-18 18:16:10,-5076,15636,356,N
2020-12-18 18:16:11,-5048,15584,372,N
2020-12-18 18:16:12,-5176,15568,380,N
2020-12-18 18:16:13,-5088,15616,328,N
2020-12-18 18:16:14,-5148,15652,372,N
2020-12-18 18:16:15,-5096,15648,380,N
2020-12-18 18:16:16,-5088,15672,396,N
2020-12-18 18:16:17,-5064,15612,344,N
2020-12-18 18:16:18,-5100,15660,392,N
2020-12-18 18:16:19,-5084,15604,348,N
2020-12-18 18:16:20,-5072,15640,408,N
2020-12-18 18:16:21,-4980,15668,376,N
2020-12-18 18:16:22,-5040,15576,392,N
2020-12-18 18:16:23,-5064,15652,428,N
2020-12-18 18:16:24,-5072,15560,408,N
2020-12-18 18:16:25,-5100,15584,428,N
2020-12-18 18:16:26,-5068,15664,388,N
2020-12-18 18:16:27,-5092,15616,448,N
2020-12-18 18:16:28,-5108,15680,380,N
2020-12-18 18:16:29,-5084,15624,428,N
2020-12-18 18:16:30,-5088,15652,412,N
2020-12-18 18:16:31,-5032,15620,300,N
2020-12-18 18:16:32,-5060,15620,380,N
2020-12-18 18:16:33,-5028,15656,324,N
2020-12-18 18:16:34,-5104,15644,424,N
2020-12-18 18:16:35,-5068,15564,408,N
2020-12-18 18:16:36,-5096,15640,436,N
2020-12-18 18:16:37,-5036,15672,392,N
2020-12-18 18:16:38,-5136,15648,364,N
2020-12-18 18:16:39,-5100,15684,368,N
2020-12-18 18:16:40,-5068,15584,388,N
2020-12-18 18:16:41,-5144,15604,392,N
2020-12-18 18:16:42,-5124,15612,404,N
2020-12-18 18:16:43,-5116,15656,376,N
2020-12-18 18:16:44,-5088,15680,400,N
2020-12-18 18:16:45,-5008,15660,380,N
2020-12-18 18:16:46,-5060,15656,360,N
2020-12-18 18:16:47,-5092,15676,404,N
2020-12-18 18:16:48,-5096,15660,308,N
2020-12-18 18:16:49,-5120,15640,380,N
2020-12-18 18:16:50,-5064,15596,460,N
2020-12-18 18:16:51,-5096,15648,416,N
2020-12-18 18:16:52,-5116,15716,436,N
2020-12-18 18:16:53,-5064,15636,436,N
2020-12-18 18:16:54,-5164,15600,336,N
2020-12-18 18:16:55,-5148,15628,400,N
2020-12-18 18:16:56,-5012,15616,384,N
2020-12-18 18:16:57,-5100,15604,404,N
2020-12-18 18:16:58,-5112,15680,408,N
2020-12-18 18:16:59,-5076,15636,420,N
2020-12-18 18:17:00,-5144,15644,300,N
2020-12-18 18:17:01,-5084,15640,372,N
2020-12-18 18:17:02,-5120,15632,416,N
2020-12-18 18:17:03,-5100,15648,424,N
2020-12-18 18:17:04,-5100,15636,416,N
2020-12-18 18:17:05,-5104,15688,400,N
2020-12-18 18:17:06,-5116,15608,436,N
2020-12-18 18:17:07,-5060,15644,364,N
2020-12-18 18:17:08,-5092,15620,400,N
2020-12-18 18:17:09,-5096,15632,368,N
2020-12-18 18:17:10,-5124,15700,424,N
2020-12-18 18:17:11,-5084,15680,420,N
2020-12-18 18:17:12,-5000,15648,364,N
2020-12-18 18:17:13,-5048,15616,508,N
2020-12-18 18:17:14,-5148,15632,488,N
2020-12-18 18:17:15,-5132,15600,440,N
2020-12-18 18:17:16,-5140,15620,392,N
2020-12-18 18:17:17,-5148,15648,344,N
2020-12-18 18:17:18,-5088,15676,352,N
2020-12-18 18:17:19,-5092,15628,368,N
2020-12-18 18:17:20,-5124,15652,460,N
2020-12-18 18:17:21,-5096,15664,428,N
2020-12-18 18:17:22,-5064,15656,496,N
2020-12-18 18:17:23,-5044,15612,400,N
2020-12-18 18:17:24,-5092,15668,360,N
2020-12-18 18:17:25,-5112,15628,412,N
2020-12-18 18:17:26,-5020,15572,360,N
2020-12-18 18:17:27,-5020,15636,448,N
2020-12-18 18:17:28,-5076,15668,428,N
2020-12-18 18:17:29,-5132,15628,420,N
2020-12-18 18:17:30,-5068,15628,420,N
2020-12-18 18:17:31,-5088,15676,428,N
2020-12-18 18:17:32,-5120,15604,428,N
2020-12-18 18:17:33,-5008,15716,352,N
2020-12-18 18:17:34,-5052,15624,428,N
2020-12-18 18:17:35,-5000,15656,336,N
2020-12-18 18:17:36,-5064,15660,416,N
2020-12-18 18:17:37,-5092,15580,400,N
2020-12-18 18:17:38,-5056,15708,464,N
2020-12-18 18:17:39,-5024,15664,396,N
2020-12-18 18:17:40,-5044,15580,436,N
2020-12-18 18:17:41,-5088,15640,436,N
2020-12-18 18:17:42,-5064,15616,336,N
2020-12-18 18:17:43,-5104,15604,332,N
2020-12-18 18:17:45,-5060,15672,356,N
2020-12-18 18:17:46,-5056,15648,392,N
2020-12-18 18:17:48,-5100,15584,420,N
2020-12-18 18:17:51,-5136,15616,388,N
2020-12-18 18:17:52,-5036,15648,408,N
2020-12-18 18:17:53,-5024,15652,404,N
2020-12-18 18:17:54,-5080,15660,416,N
2020-12-18 18:17:56,-5112,15636,340,N
2020-12-18 18:17:57,-5000,15652,312,N
2020-12-18 18:17:58,-5052,15688,372,N
2020-12-18 18:18:00,-5032,15648,360,N
2020-12-18 18:18:01,-5048,15648,356,N
2020-12-18 18:18:03,-5092,15580,432,N
2020-12-18 18:18:05,-5048,15672,336,N
2020-12-18 18:18:06,-5112,15700,352,N
2020-12-18 18:18:07,-5060,15648,368,N
2020-12-18 18:18:08,-5108,15608,408,N
2020-12-18 18:18:09,-5048,15636,420,N
2020-12-18 18:18:10,-5092,15596,384,N
2020-12-18 18:18:11,-5096,15644,400,N
2020-12-18 18:18:13,-5068,15608,384,N
2020-12-18 18:18:14,-5076,15660,340,N
2020-12-18 18:18:16,-5028,15636,460,N
2020-12-18 18:18:17,-5100,15648,432,N
2020-12-18 18:18:18,-5092,15644,424,N
2020-12-18 18:18:19,-5020,15668,444,N
2020-12-18 18:18:20,-5028,15628,488,N
2020-12-18 18:18:21,-5144,15620,404,N
2020-12-18 18:18:22,-5112,15672,372,N
2020-12-18 18:18:24,-5128,15592,472,N
2020-12-18 18:18:25,-4980,15636,424,N
2020-12-18 18:18:26,-5136,15636,396,N
2020-12-18 18:18:28,-5084,15692,412,N
2020-12-18 18:18:29,-5096,15672,488,N
2020-12-18 18:18:31,-5096,15692,416,N
2020-12-18 18:18:32,-5040,15644,404,N
2020-12-18 18:18:34,-5056,15584,432,N
2020-12-18 18:18:35,-5028,15664,400,N
2020-12-18 18:18:38,-5048,15652,408,N
2020-12-18 18:18:39,-5144,15632,384,N
2020-12-18 18:18:41,-5100,15644,388,N
2020-12-18 18:18:42,-5112,15628,448,N
2020-12-18 18:18:44,-5088,15592,400,N
2020-12-18 18:18:46,-5056,15672,420,N
2020-12-18 18:18:47,-5132,15620,476,N
2020-12-18 18:18:48,-5088,15672,500,N
2020-12-18 18:18:49,-5080,15608,432,N
2020-12-18 18:18:50,-5156,15684,440,N
2020-12-18 18:18:51,-5064,15684,460,N
2020-12-18 18:18:53,-5096,15660,372,N
2020-12-18 18:18:54,-5072,15664,472,N
2020-12-18 18:18:55,-5056,15580,396,N
2020-12-18 18:18:56,-5148,15660,420,N
2020-12-18 18:18:57,-5116,15664,416,N
2020-12-18 18:18:59,-5108,15704,400,N
2020-12-18 18:19:00,-5112,15644,416,N
2020-12-18 18:19:01,-5044,15668,448,N
2020-12-18 18:19:02,-5120,15640,408,N
2020-12-18 18:19:03,-5024,15612,360,N
2020-12-18 18:19:06,-5068,15620,432,N
2020-12-18 18:19:07,-5060,15588,436,N
2020-12-18 18:19:08,-5052,15620,472,N
2020-12-18 18:19:09,-5092,15564,376,N
2020-12-18 18:19:10,-5112,15704,416,N
2020-12-18 18:19:11,-5092,15688,452,N
2020-12-18 18:19:12,-5056,15628,380,N
2020-12-18 18:19:13,-5088,15560,372,N
2020-12-18 18:19:15,-5064,15600,368,N
2020-12-18 18:19:18,-5036,15664,376,N
2020-12-18 18:19:20,-5048,15648,344,N
2020-12-18 18:19:21,-5068,15636,376,N
2020-12-18 18:19:22,-5148,15636,436,N
2020-12-18 18:19:23,-5048,15672,468,N
2020-12-18 18:19:24,-5100,15684,436,N
2020-12-18 18:19:25,-5072,15652,416,N
2020-12-18 18:19:26,-5096,15624,448,N
2020-12-18 18:19:27,-5056,15688,432,N
2020-12-18 18:19:28,-5096,15632,480,N
2020-12-18 18:19:30,-5100,15636,384,N
2020-12-18 18:19:31,-5076,15624,436,N
2020-12-18 18:19:33,-5080,15640,448,N
2020-12-18 18:19:34,-5080,15600,380,N
2020-12-18 18:19:35,-5060,15656,392,N
2020-12-18 18:19:36,-5048,15632,408,N
2020-12-18 18:19:37,-5052,15668,404,N
2020-12-18 18:19:38,-5080,15688,352,N
2020-12-18 18:19:39,-5088,15612,340,N
2020-12-18 18:19:40,-5064,15628,472,N
2020-12-18 18:19:41,-5016,15596,404,N
2020-12-18 18:19:43,-5056,15656,356,N
2020-12-18 18:19:44,-5056,15688,428,N
2020-12-18 18:19:47,-5092,15660,448,N
2020-12-18 18:19:48,-4960,15612,400,N
2020-12-18 18:19:49,-5100,15640,396,N
2020-12-18 18:19:51,-5068,15684,444,N
2020-12-18 18:19:52,-5072,15680,400,N
2020-12-18 18:19:53,-5068,15588,376,N
2020-12-18 18:19:55,-5080,15624,388,N
2020-12-18 18:19:56,-5076,15628,452,N
2020-12-18 18:19:58,-5128,15596,360,N
2020-12-18 18:19:59,-5032,15656,404,N
2020-12-18 18:20:00,-5052,15608,388,N
2020-12-18 18:20:01,-5108,15624,436,N
2020-12-18 18:20:02,-5068,15664,380,N
2020-12-18 18:20:03,-5108,15668,412,N
2020-12-18 18:20:05,-5096,15616,324,N
2020-12-18 18:20:06,-5088,15636,444,N
2020-12-18 18:20:08,-5044,15620,384,N
2020-12-18 18:20:10,-5032,15664,372,N
2020-12-18 18:20:11,-5100,15640,404,N
2020-12-18 18:20:13,-5084,15648,416,N
2020-12-18 18:20:14,-5104,15596,376,N
2020-12-18 18:20:16,-5068,15672,452,N
2020-12-18 18:20:17,-5168,15672,440,N
2020-12-18 18:20:18,-5060,15668,400,N
2020-12-18 18:20:19,-5148,15640,400,N
2020-12-18 18:20:20,-5040,15704,332,N
2020-12-18 18:20:21,-5140,15648,384,N
2020-12-18 18:20:22,-5136,15644,400,N
2020-12-18 18:20:23,-5044,15660,428,N
2020-12-18 18:20:24,-5084,15648,412,N
2020-12-18 18:20:25,-5120,15600,448,N
2020-12-18 18:20:26,-5112,15632,436,N
2020-12-18 18:20:27,-5160,15572,372,N
2020-12-18 18:20:28,-5096,15664,416,N
2020-12-18 18:20:29,-5120,15584,352,N
2020-12-18 18:20:30,-5088,15608,412,N
2020-12-18 18:20:31,-5100,15636,448,N
2020-12-18 18:20:32,-5040,15604,424,N
2020-12-18 18:20:33,-5092,15648,392,N
2020-12-18 18:20:35,-5112,15660,432,N
2020-12-18 18:20:36,-5044,15692,452,N
2020-12-18 18:20:38,-5108,15600,476,N
2020-12-18 18:20:39,-5132,15708,472,N
2020-12-18 18:20:41,-5048,15588,440,N
2020-12-18 18:20:42,-5064,15680,456,N
2020-12-18 18:20:43,-5020,15628,452,N
2020-12-18 18:20:44,-5056,15640,436,N
2020-12-18 18:20:45,-5092,15652,424,N
2020-12-18 18:20:46,-5156,15664,440,N
2020-12-18 18:20:48,-5052,15624,412,N
2020-12-18 18:20:49,-5144,15628,400,N
2020-12-18 18:20:51,-5140,15676,500,N
2020-12-18 18:20:52,-5076,15636,396,N
2020-12-18 18:20:53,-5056,15684,416,N
2020-12-18 18:20:54,-5084,15572,480,N
2020-12-18 18:20:55,-5024,15712,404,N
2020-12-18 18:20:56,-5020,15648,440,N
2020-12-18 18:20:57,-5096,15596,344,N
2020-12-18 18:20:58,-5088,15604,424,N
2020-12-18 18:20:59,-5120,15676,448,N
2020-12-18 18:21:01,-5084,15624,464,N
2020-12-18 18:21:02,-5152,15676,392,N
2020-12-18 18:21:03,-5116,15696,464,N
2020-12-18 18:21:04,-5104,15640,420,N
2020-12-18 18:21:05,-5112,15616,396,N
2020-12-18 18:21:07,-5056,15628,424,N
2020-12-18 18:21:08,-5068,15564,388,N
2020-12-18 18:21:09,-5100,15652,372,N
2020-12-18 18:21:10,-5060,15676,412,N
2020-12-18 18:21:11,-5096,15628,344,N
2020-12-18 18:21:12,-5104,15624,388,N
2020-12-18 18:21:13,-5060,15624,428,N
2020-12-18 18:21:14,-5068,15708,428,N
2020-12-18 18:21:15,-5140,15624,424,N
2020-12-18 18:21:16,-5080,15620,368,N
2020-12-18 18:21:17,-5064,15660,484,N
2020-12-18 18:21:18,-5000,15664,416,N
2020-12-18 18:21:19,-4996,15632,384,N
2020-12-18 18:21:20,-5080,15668,468,N
2020-12-18 18:21:21,-5128,15624,464,N
2020-12-18 18:21:22,-5064,15648,412,N
2020-12-18 18:21:23,-5088,15676,396,N
2020-12-18 18:21:24,-5060,15644,356,N
2020-12-18 18:21:25,-5024,15668,432,N
2020-12-18 18:21:26,-5104,15624,432,N
2020-12-18 18:21:27,-5068,15648,388,N
2020-12-18 18:21:28,-5076,15628,420,N
2020-12-18 18:21:29,-5068,15580,456,N
2020-12-18 18:21:30,-5136,15608,420,N
2020-12-18 18:21:32,-5056,15576,444,N
2020-12-18 18:21:33,-5084,15672,432,N
2020-12-18 18:21:34,-5080,15660,456,N
2020-12-18 18:21:35,-5116,15648,372,N
2020-12-18 18:21:36,-5104,15632,364,N
2020-12-18 18:21:37,-5080,15664,372,N
2020-12-18 18:21:38,-5052,15664,368,N
2020-12-18 18:21:39,-5040,15672,384,N
2020-12-18 18:21:40,-5108,15628,484,N
2020-12-18 18:21:41,-5124,15660,452,N
2020-12-18 18:21:42,-5136,15596,416,N
2020-12-18 18:21:43,-5116,15636,440,N
2020-12-18 18:21:44,-5092,15656,412,N
2020-12-18 18:21:45,-5052,15596,388,N
2020-12-18 18:21:46,-5088,15644,432,N
2020-12-18 18:21:47,-5064,15576,368,N
2020-12-18 18:21:48,-5124,15628,424,N
2020-12-18 18:21:49,-5096,15656,368,N
2020-12-18 18:21:50,-5096,15676,444,N
2020-12-18 18:21:51,-5100,15600,388,N
2020-12-18 18:21:52,-5048,15644,344,N
2020-12-18 18:21:53,-5060,15716,412,N
2020-12-18 18:21:54,-5136,15648,452,N
2020-12-18 18:21:55,-5088,15668,452,N
2020-12-18 18:21:56,-5084,15608,416,N
2020-12-18 18:21:57,-5084,15680,500,N
2020-12-18 18:21:58,-5084,15748,396,N
2020-12-18 18:21:59,-5088,15588,408,N
2020-12-18 18:22:00,-5092,15652,460,N
2020-12-18 18:22:01,-5064,15620,428,N
2020-12-18 18:22:02,-5056,15652,396,N
2020-12-18 18:22:03,-5120,15688,396,N
2020-12-18 18:22:04,-5080,15636,408,N
2020-12-18 18:22:05,-5072,15668,404,N
2020-12-18 18:22:06,-5068,15652,368,N
2020-12-18 18:22:07,-5160,15664,416,N
2020-12-18 18:22:08,-5076,15680,312,N
2020-12-18 18:22:09,-5068,15596,396,N
2020-12-18 18:22:10,-5072,15636,328,N
2020-12-18 18:22:11,-5092,15636,356,N
2020-12-18 18:22:12,-5080,15628,456,N
2020-12-18 18:22:13,-5156,15624,456,N
2020-12-18 18:22:14,-5108,15636,424,N
2020-12-18 18:22:15,-5052,15620,368,N
2020-12-18 18:22:16,-5084,15672,416,N
2020-12-18 18:22:17,-5112,15656,420,N
2020-12-18 18:22:18,-5120,15696,436,N
2020-12-18 18:22:19,-5056,15652,368,N
2020-12-18 18:22:20,-5080,15608,412,N
2020-12-18 18:22:21,-5072,15672,436,N
2020-12-18 18:22:22,-5088,15612,400,N
2020-12-18 18:22:23,-5120,15704,324,N
2020-12-18 18:22:24,-5068,15672,408,N
2020-12-18 18:22:27,-5020,15636,380,N
2020-12-18 18:22:28,-5064,15680,392,N
2020-12-18 18:22:29,-5104,15616,396,N
2020-12-18 18:22:30,-5052,15664,436,N
2020-12-18 18:22:31,-5084,15664,432,N
2020-12-18 18:22:32,-5096,15604,380,N
2020-12-18 18:22:33,-5096,15608,404,N
2020-12-18 18:22:34,-5120,15664,436,N
2020-12-18 18:22:35,-5140,15648,408,N
2020-12-18 18:22:36,-5084,15592,412,N
2020-12-18 18:22:37,-5032,15596,432,N
2020-12-18 18:22:38,-5092,15668,440,N
2020-12-18 18:22:39,-5108,15592,448,N
2020-12-18 18:22:40,-5124,15644,364,N
2020-12-18 18:22:41,-5072,15644,416,N
2020-12-18 18:22:42,-5148,15656,436,N
2020-12-18 18:22:43,-5072,15732,372,N
2020-12-18 18:22:44,-5048,15652,384,N
2020-12-18 18:22:45,-5136,15664,412,N
2020-12-18 18:22:46,-5144,15632,412,N
2020-12-18 18:22:47,-5124,15652,428,N
2020-12-18 18:22:48,-5104,15672,404,N
2020-12-18 18:22:49,-5140,15696,348,N
2020-12-18 18:22:50,-5156,15680,428,N
2020-12-18 18:22:51,-5028,15684,420,N
2020-12-18 18:22:52,-5084,15596,388,N
2020-12-18 18:22:53,-5056,15600,416,N
2020-12-18 18:22:54,-5092,15612,404,N
2020-12-18 18:22:55,-5068,15664,436,N
2020-12-18 18:22:56,-5128,15596,400,N
2020-12-18 18:22:57,-5060,15596,428,N
2020-12-18 18:22:58,-5072,15676,408,N
2020-12-18 18:22:59,-5104,15600,428,N
2020-12-18 18:23:00,-5136,15700,408,N
2020-12-18 18:23:01,-5108,15676,396,N
2020-12-18 18:23:02,-5096,15604,372,N
2020-12-18 18:23:03,-5136,15624,392,N
2020-12-18 18:23:04,-5068,15628,420,N
2020-12-18 18:23:05,-5060,15620,408,N
2020-12-18 18:23:06,-5032,15692,408,N
2020-12-18 18:23:07,-5128,15616,372,N
2020-12-18 18:23:08,-5104,15660,484,N
2020-12-18 18:23:09,-5108,15612,372,N
2020-12-18 18:23:10,-5116,15640,404,N
2020-12-18 18:23:11,-5060,15668,416,N
2020-12-18 18:23:12,-5152,15608,416,N
2020-12-18 18:23:13,-5104,15720,416,N
2020-12-18 18:23:14,-5076,15660,432,N
2020-12-18 18:23:15,-5128,15648,440,N
2020-12-18 18:23:16,-5108,15644,416,N
2020-12-18 18:23:17,-5060,15636,448,N
2020-12-18 18:23:18,-5096,15556,436,N
2020-12-18 18:23:19,-5088,15748,424,N
2020-12-18 18:23:20,-5136,15620,416,N
2020-12-18 18:23:23,-5140,15592,412,N
2020-12-18 18:23:25,-5180,15636,452,N
2020-12-18 18:23:26,-5104,15604,500,N
2020-12-18 18:23:27,-5144,15588,432,N
2020-12-18 18:23:28,-5076,15608,444,N
2020-12-18 18:23:29,-5124,15620,480,N
2020-12-18 18:23:30,-5040,15588,424,N
2020-12-18 18:23:31,-5088,15564,400,N
2020-12-18 18:23:32,-5104,15616,432,N
2020-12-18 18:23:33,-5112,15576,380,N
2020-12-18 18:23:34,-5156,15624,460,N
2020-12-18 18:23:35,-5144,15576,404,N
2020-12-18 18:23:36,-5128,15584,416,N
2020-12-18 18:23:37,-5124,15656,488,N
2020-12-18 18:23:38,-5172,15644,536,N
2020-12-18 18:23:39,-5112,15664,444,N
2020-12-18 18:23:40,-5088,15600,368,N
2020-12-18 18:23:41,-5152,15600,448,N
2020-12-18 18:23:42,-5116,15632,392,N
2020-12-18 18:23:43,-5088,15636,420,N
2020-12-18 18:23:44,-5164,15604,408,N
2020-12-18 18:23:45,-5152,15600,452,N
2020-12-18 18:23:46,-5072,15616,368,N
2020-12-18 18:23:47,-5100,15628,416,N
2020-12-18 18:23:48,-5112,15652,444,N
2020-12-18 18:23:49,-5092,15640,420,N
2020-12-18 18:23:50,-5124,15668,484,N
2020-12-18 18:23:51,-5104,15652,436,N
2020-12-18 18:23:52,-5092,15596,496,N
2020-12-18 18:23:53,-5192,15632,408,N
2020-12-18 18:23:54,-5152,15648,404,N
2020-12-18 18:23:55,-5088,15560,420,N
2020-12-18 18:23:56,-5148,15624,456,N
2020-12-18 18:23:57,-5120,15640,484,N
2020-12-18 18:23:58,-5088,15632,476,N
2020-12-18 18:23:59,-5124,15712,480,N
2020-12-18 18:24:00,-5104,15628,472,N
2020-12-18 18:24:01,-5220,15656,436,N
2020-12-18 18:24:02,-5132,15580,444,N
2020-12-18 18:24:03,-5128,15664,448,N
2020-12-18 18:24:04,-5140,15624,392,N
2020-12-18 18:24:05,-5184,15604,400,N
2020-12-18 18:24:06,-5156,15660,348,N
2020-12-18 18:24:07,-5116,15588,504,N
2020-12-18 18:24:08,-5164,15592,344,N
2020-12-18 18:24:09,-5132,15668,492,N
2020-12-18 18:24:10,-5124,15644,364,N
2020-12-18 18:24:11,-5096,15604,388,N
2020-12-18 18:24:12,-5064,15644,380,N
2020-12-18 18:24:13,-5108,15616,496,N
2020-12-18 18:24:14,-5192,15624,484,N
2020-12-18 18:24:15,-5128,15600,440,N
2020-12-18 18:24:16,-5144,15644,364,N
2020-12-18 18:24:17,-5084,15608,428,N
2020-12-18 18:24:18,-5128,15612,332,N
2020-12-18 18:24:19,-5076,15632,420,N
2020-12-18 18:24:20,-5104,15608,400,N
2020-12-18 18:24:21,-5120,15636,476,N
2020-12-18 18:24:22,-5132,15600,480,N
2020-12-18 18:24:23,-5124,15608,388,N
2020-12-18 18:24:24,-5148,15644,448,N
2020-12-18 18:24:25,-5132,15596,416,N
2020-12-18 18:24:26,-5104,15624,420,N
2020-12-18 18:24:27,-5132,15656,456,N
2020-12-18 18:24:28,-5164,15672,460,N
2020-12-18 18:24:29,-5184,15600,436,N
2020-12-18 18:24:30,-5212,15628,412,N
2020-12-18 18:24:31,-5156,15596,428,N
2020-12-18 18:24:32,-5228,15600,372,N
2020-12-18 18:24:33,-5168,15668,428,N
2020-12-18 18:24:34,-5120,15604,460,N
2020-12-18 18:24:35,-5088,15640,440,N
2020-12-18 18:24:36,-5104,15660,392,N
2020-12-18 18:24:37,-5088,15564,416,N
2020-12-18 18:24:38,-5180,15596,456,N
2020-12-18 18:24:39,-5148,15616,464,N
2020-12-18 18:24:40,-5092,15652,376,N
2020-12-18 18:24:41,-5092,15628,456,N
2020-12-18 18:24:42,-5128,15684,368,N
2020-12-18 18:24:43,-5128,15616,376,N
2020-12-18 18:24:44,-5192,15536,472,N
2020-12-18 18:24:45,-5048,15652,416,N
2020-12-18 18:24:46,-5108,15680,416,N
2020-12-18 18:24:47,-5148,15608,428,N
2020-12-18 18:24:48,-5124,15688,496,N
2020-12-18 18:24:49,-5128,15668,392,N
2020-12-18 18:24:50,-5048,15612,436,N
2020-12-18 18:24:51,-5136,15688,388,N
2020-12-18 18:24:52,-5064,15612,420,N
2020-12-18 18:24:53,-5144,15608,412,N
2020-12-18 18:24:54,-5152,15604,408,N
2020-12-18 18:24:55,-5132,15592,416,N
2020-12-18 18:24:56,-5108,15608,416,N
2020-12-18 18:24:57,-5132,15660,444,N
2020-12-18 18:24:58,-5168,15592,404,N
2020-12-18 18:24:59,-5096,15656,392,N
2020-12-18 18:25:00,-5072,15624,360,N
2020-12-18 18:25:01,-5140,15624,388,N
2020-12-18 18:25:02,-5148,15596,392,N
2020-12-18 18:25:04,-5144,15604,424,N
2020-12-18 18:25:05,-5116,15672,436,N
2020-12-18 18:25:06,-5128,15616,484,N
2020-12-18 18:25:07,-5080,15604,428,N
2020-12-18 18:25:08,-5076,15572,380,N
2020-12-18 18:25:09,-5096,15636,436,N
2020-12-18 18:25:10,-5124,15528,428,N
2020-12-18 18:25:11,-5044,15636,420,N
2020-12-18 18:25:12,-5112,15556,488,N
2020-12-18 18:25:13,-5104,15584,424,N
2020-12-18 18:25:14,-5120,15648,360,N
2020-12-18 18:25:15,-5128,15608,456,N
2020-12-18 18:25:16,-5136,15660,336,N
2020-12-18 18:25:17,-5116,15660,396,N
2020-12-18 18:25:18,-5160,15696,452,N
2020-12-18 18:25:19,-5132,15616,408,N
2020-12-18 18:25:20,-5136,15628,404,N
2020-12-18 18:25:21,-5104,15640,424,N
2020-12-18 18:25:22,-5104,15664,476,N
2020-12-18 18:25:23,-5072,15652,432,N
2020-12-18 18:25:24,-5164,15580,384,N
2020-12-18 18:25:25,-5180,15632,384,N
2020-12-18 18:25:26,-5136,15672,452,N
2020-12-18 18:25:27,-5192,15660,400,N
2020-12-18 18:25:28,-5144,15660,424,N
2020-12-18 18:25:29,-5096,15648,404,N
2020-12-18 18:25:30,-5116,15612,400,N
2020-12-18 18:25:31,-5104,15660,428,N
2020-12-18 18:25:32,-5116,15580,448,N
2020-12-18 18:25:33,-5172,15584,304,N
2020-12-18 18:25:34,-5132,15636,324,N
2020-12-18 18:25:35,-5080,15624,404,N
2020-12-18 18:25:36,-5100,15596,392,N
2020-12-18 18:25:37,-5084,15608,348,N
2020-12-18 18:25:38,-5172,15676,320,N
2020-12-18 18:25:39,-5108,15640,440,N
2020-12-18 18:25:40,-5112,15584,360,N
2020-12-18 18:25:41,-5120,15584,432,N
2020-12-18 18:25:42,-5136,15640,428,N
2020-12-18 18:25:43,-5164,15648,436,N
2020-12-18 18:25:44,-5176,15600,456,N
2020-12-18 18:25:45,-5164,15656,460,N
2020-12-18 18:25:46,-5160,15676,364,N
2020-12-18 18:25:47,-5160,15628,444,N
2020-12-18 18:25:48,-5160,15636,476,N
2020-12-18 18:25:49,-5128,15648,424,N
2020-12-18 18:25:50,-5104,15700,428,N
2020-12-18 18:25:51,-5096,15592,400,N
2020-12-18 18:25:52,-5132,15640,420,N
2020-12-18 18:25:53,-5172,15640,508,N
2020-12-18 18:25:54,-5120,15628,456,N
2020-12-18 18:25:55,-5100,15640,452,N
2020-12-18 18:25:56,-5220,15680,376,N
2020-12-18 18:25:57,-5088,15640,388,N
2020-12-18 18:25:58,-5160,15616,380,N
2020-12-18 18:25:59,-5196,15596,424,N
2020-12-18 18:26:00,-5084,15592,444,N
2020-12-18 18:26:01,-5088,15652,444,N
2020-12-18 18:26:02,-5048,15600,420,N
2020-12-18 18:26:03,-5140,15616,388,N
2020-12-18 18:26:04,-5132,15616,420,N
2020-12-18 18:26:05,-5104,15612,448,N
2020-12-18 18:26:06,-5132,15592,428,N
2020-12-18 18:26:07,-5164,15652,404,N
2020-12-18 18:26:08,-5136,15584,368,N
2020-12-18 18:26:09,-5180,15676,396,N
2020-12-18 18:26:10,-5108,15592,488,N
2020-12-18 18:26:11,-5116,15632,420,N
2020-12-18 18:26:12,-5144,15600,424,N
2020-12-18 18:26:13,-5148,15608,420,N
2020-12-18 18:26:14,-5128,15628,460,N
2020-12-18 18:26:15,-5144,15612,388,N
2020-12-18 18:26:16,-5212,15624,432,N
2020-12-18 18:26:17,-5132,15716,400,N
2020-12-18 18:26:18,-5172,15688,496,N
2020-12-18 18:26:19,-5164,15656,416,N
2020-12-18 18:26:20,-5064,15616,524,N
2020-12-18 18:26:21,-5208,15632,476,N
2020-12-18 18:26:22,-5092,15652,416,N
2020-12-18 18:26:23,-5032,15668,492,N
2020-12-18 18:26:24,-5124,15628,464,N
2020-12-18 18:26:25,-5120,15604,480,N
2020-12-18 18:26:26,-5216,15588,468,N
2020-12-18 18:26:27,-5208,15624,416,N
2020-12-18 18:26:28,-5164,15632,408,N
2020-12-18 18:26:29,-5160,15628,388,N
2020-12-18 18:26:30,-5136,15664,424,N
2020-12-18 18:26:31,-5112,15616,392,N
2020-12-18 18:26:32,-5160,15656,416,N
2020-12-18 18:26:33,-5096,15656,384,N
2020-12-18 18:26:34,-5088,15612,412,N
2020-12-18 18:26:35,-5104,15656,448,N
2020-12-18 18:26:36,-5104,15640,436,N
2020-12-18 18:26:37,-5140,15604,448,N
2020-12-18 18:26:38,-5212,15660,476,N
2020-12-18 18:26:39,-5104,15636,396,N
2020-12-18 18:26:40,-5156,15620,376,N
2020-12-18 18:26:41,-5112,15704,412,N
2020-12-18 18:26:42,-5132,15596,480,N
2020-12-18 18:26:43,-5168,15704,388,N
2020-12-18 18:26:44,-5144,15636,440,N
2020-12-18 18:26:45,-5120,15624,448,N
2020-12-18 18:26:46,-5168,15700,472,N
2020-12-18 18:26:47,-5136,15580,448,N
2020-12-18 18:26:48,-5144,15632,460,N
2020-12-18 18:26:49,-5108,15580,428,N
2020-12-18 18:26:50,-5164,15600,448,N
2020-12-18 18:26:51,-5072,15588,356,N
2020-12-18 18:26:52,-5216,15572,380,N
2020-12-18 18:26:53,-5160,15644,428,N
2020-12-18 18:26:54,-5144,15644,452,N
2020-12-18 18:26:55,-5100,15608,424,N
2020-12-18 18:26:56,-5148,15620,428,N
2020-12-18 18:26:57,-5120,15672,396,N
2020-12-18 18:26:58,-5040,15596,416,N
2020-12-18 18:26:59,-5144,15608,408,N
2020-12-18 18:27:00,-5068,15604,372,N
2020-12-18 18:27:01,-5100,15632,424,N
2020-12-18 18:27:02,-5152,15672,372,N
2020-12-18 18:27:03,-5180,15600,360,N
2020-12-18 18:27:04,-5136,15616,452,N
2020-12-18 18:27:05,-5192,15572,348,N
2020-12-18 18:27:06,-5120,15604,400,N
2020-12-18 18:27:07,-5128,15604,400,N
2020-12-18 18:27:08,-5096,15692,428,N
2020-12-18 18:27:09,-5100,15592,424,N
2020-12-18 18:27:10,-5172,15560,448,N
2020-12-18 18:27:11,-5148,15612,448,N
2020-12-18 18:27:12,-5164,15564,420,N
2020-12-18 18:27:13,-5144,15628,408,N
2020-12-18 18:27:14,-5100,15608,432,N
2020-12-18 18:27:15,-5164,15620,440,N
2020-12-18 18:27:16,-5156,15612,372,N
2020-12-18 18:27:17,-5184,15620,428,N
2020-12-18 18:27:18,-5188,15632,372,N
2020-12-18 18:27:19,-5168,15592,412,N
2020-12-18 18:27:20,-5116,15564,456,N
2020-12-18 18:27:21,-5144,15608,492,N
2020-12-18 18:27:22,-5144,15668,420,N
2020-12-18 18:27:23,-5116,15668,444,N
2020-12-18 18:27:24,-5096,15632,400,N
2020-12-18 18:27:25,-5064,15612,480,N
2020-12-18 18:27:26,-5160,15632,428,N
2020-12-18 18:27:27,-5116,15656,404,N
2020-12-18 18:27:28,-5160,15656,504,N
2020-12-18 18:27:29,-5188,15616,372,N
2020-12-18 18:27:30,-5092,15608,484,N
2020-12-18 18:27:31,-5124,15656,424,N
2020-12-18 18:27:32,-5124,15636,340,N
2020-12-18 18:27:33,-5140,15680,452,N
2020-12-18 18:27:34,-5164,15676,436,N
2020-12-18 18:27:35,-5160,15572,448,N
2020-12-18 18:27:36,-5184,15628,432,N
2020-12-18 18:27:37,-5124,15644,472,N
2020-12-18 18:27:38,-5160,15636,484,N
2020-12-18 18:27:39,-5124,15620,428,N
2020-12-18 18:27:40,-5160,15620,432,N
2020-12-18 18:27:41,-5196,15604,552,N
2020-12-18 18:27:42,-5212,15628,324,N
2020-12-18 18:27:43,-5152,15636,436,N
2020-12-18 18:27:44,-5124,15668,428,N
2020-12-18 18:27:45,-5076,15624,448,N
2020-12-18 18:27:46,-5148,15632,440,N
2020-12-18 18:27:47,-5128,15652,500,N
2020-12-18 18:27:48,-5140,15604,396,N
2020-12-18 18:27:49,-5104,15624,500,N
2020-12-18 18:27:50,-5096,15712,400,N
2020-12-18 18:27:51,-5112,15572,440,N
2020-12-18 18:27:52,-5132,15624,392,N
2020-12-18 18:27:53,-5180,15604,452,N
2020-12-18 18:27:54,-5128,15648,504,N
2020-12-18 18:27:55,-5088,15600,448,N
2020-12-18 18:27:57,-5120,15592,444,N
2020-12-18 18:27:59,-5124,15680,492,N
2020-12-18 18:28:00,-5136,15648,456,N
2020-12-18 18:28:01,-5136,15600,404,N
2020-12-18 18:28:03,-5208,15576,416,N
2020-12-18 18:28:04,-5140,15636,420,N
2020-12-18 18:28:05,-5100,15648,444,N
2020-12-18 18:28:06,-5148,15608,452,N
2020-12-18 18:28:07,-5136,15588,388,N
2020-12-18 18:28:08,-5128,15592,396,N
2020-12-18 18:28:09,-5068,15640,356,N
2020-12-18 18:28:10,-5120,15588,432,N
2020-12-18 18:28:12,-5080,15584,404,N
2020-12-18 18:28:13,-5188,15620,412,N
2020-12-18 18:28:14,-5072,15604,388,N
2020-12-18 18:28:15,-5084,15640,384,N
2020-12-18 18:28:16,-5204,15616,436,N
2020-12-18 18:28:17,-5144,15660,424,N
2020-12-18 18:28:18,-5148,15632,404,N
2020-12-18 18:28:19,-5156,15620,444,N
2020-12-18 18:28:21,-5156,15612,428,N
2020-12-18 18:28:22,-5160,15660,444,N
2020-12-18 18:28:23,-5088,15612,408,N
2020-12-18 18:28:24,-5072,15676,492,N
2020-12-18 18:28:25,-5092,15616,412,N
2020-12-18 18:28:26,-5072,15680,552,N
2020-12-18 18:28:27,-5076,15600,420,N
2020-12-18 18:28:28,-5112,15616,432,N
2020-12-18 18:28:29,-5132,15624,532,N
2020-12-18 18:28:30,-5068,15600,416,N
2020-12-18 18:28:31,-5120,15600,444,N
2020-12-18 18:28:35,-5128,15708,380,N
2020-12-18 18:28:36,-5176,15644,440,N
2020-12-18 18:28:37,-5168,15648,412,N
2020-12-18 18:28:38,-5120,15664,420,N
2020-12-18 18:28:39,-5136,15624,464,N
2020-12-18 18:28:40,-5156,15604,452,N
2020-12-18 18:28:41,-5120,15668,496,N
2020-12-18 18:28:42,-5116,15604,396,N
2020-12-18 18:28:43,-5156,15668,348,N
2020-12-18 18:28:44,-5196,15568,452,N
2020-12-18 18:28:45,-5148,15592,424,N
2020-12-18 18:28:46,-5156,15656,400,N
2020-12-18 18:28:47,-5180,15644,384,N
2020-12-18 18:28:48,-5152,15568,372,N
2020-12-18 18:28:49,-5112,15592,436,N
2020-12-18 18:28:50,-5148,15640,460,N
2020-12-18 18:28:51,-5124,15640,460,N
2020-12-18 18:28:52,-5136,15604,416,N
2020-12-18 18:28:53,-5136,15628,464,N
2020-12-18 18:28:54,-5188,15604,452,N
2020-12-18 18:28:55,-5128,15592,412,N
2020-12-18 18:28:56,-5152,15648,424,N
2020-12-18 18:28:57,-5100,15676,460,N
2020-12-18 18:28:58,-5088,15600,396,N
2020-12-18 18:28:59,-5112,15608,408,N
2020-12-18 18:29:00,-5172,15708,480,N
2020-12-18 18:29:01,-5136,15556,416,N
2020-12-18 18:29:02,-5156,15620,384,N
2020-12-18 18:29:03,-5144,15676,420,N
2020-12-18 18:29:04,-5096,15612,388,N
2020-12-18 18:29:05,-5120,15652,512,N
2020-12-18 18:29:06,-5084,15632,444,N
2020-12-18 18:29:07,-5088,15704,428,N
2020-12-18 18:29:08,-5092,15696,480,N
2020-12-18 18:29:09,-5176,15672,420,N
2020-12-18 18:29:10,-5248,15644,456,N
2020-12-18 18:34:44,-5140,15632,476,N
2020-12-18 18:34:45,-5104,15608,436,N
2020-12-18 18:34:46,-5160,15664,412,N
2020-12-18 18:34:47,-5092,15676,472,N
2020-12-18 18:34:48,-5116,15632,380,N
2020-12-18 18:34:49,-5124,15668,392,N
2020-12-18 18:34:50,-5092,15624,440,N
2020-12-18 18:34:51,-5164,15640,452,N
2020-12-18 18:34:52,-5196,15668,432,N
2020-12-18 18:34:53,-5024,15628,416,N
2020-12-18 18:34:54,-5116,15624,528,N
2020-12-18 18:34:55,-5232,15636,420,N
2020-12-18 18:34:56,-5096,15596,488,N
2020-12-18 18:34:57,-5108,15592,424,N
2020-12-18 18:34:58,-5084,15652,412,N
2020-12-18 18:34:59,-5156,15656,364,N
2020-12-18 18:35:00,-5144,15620,456,N
2020-12-18 18:35:01,-5068,15628,428,N
2020-12-18 18:35:02,-5220,15624,464,N
2020-12-18 18:35:04,-5108,15648,496,N
2020-12-18 18:35:05,-5144,15632,460,N
2020-12-18 18:35:06,-4924,15788,516,N
2020-12-18 18:35:07,-5224,15580,516,N
2020-12-18 18:35:25,-4428,15932,248,N
2020-12-18 18:35:25,-4548,15740,320,N
2020-12-18 18:35:25,-4576,15648,412,N
2020-12-18 18:35:26,-5068,15540,332,N
2020-12-18 18:35:27,-4700,15716,304,N
2020-12-18 18:35:28,-4740,15684,444,N
2020-12-18 18:35:29,-4724,15716,412,N
2020-12-18 18:35:30,-4872,15736,284,N
2020-12-18 18:35:31,-4824,15764,408,N
2020-12-18 18:35:32,-4760,15648,456,N
2020-12-18 18:35:33,-4988,15792,356,N
2020-12-18 18:35:34,-4948,15872,296,N
2020-12-18 18:35:35,-4856,15620,408,N
2020-12-18 18:35:36,-4884,15688,436,N
2020-12-18 18:35:37,-4816,15616,480,N
2020-12-18 18:35:38,-4976,15644,380,N
2020-12-18 18:35:39,-4892,15684,344,N
2020-12-18 18:35:40,-4940,15632,316,N
2020-12-18 18:35:41,-5044,15648,384,N
2020-12-18 18:35:43,-4940,15644,424,N
2020-12-18 18:35:44,-4944,15720,420,N
2020-12-18 18:35:45,-4976,15728,348,N
2020-12-18 18:35:46,-4976,15700,360,N
2020-12-18 18:35:47,-5028,15692,420,N
2020-12-18 18:35:48,-4932,15664,500,N
2020-12-18 18:35:49,-4988,15684,408,N
2020-12-18 18:35:50,-4916,15764,480,N
2020-12-18 18:35:51,-4960,15756,452,N
2020-12-18 18:35:52,-4920,15664,504,N
2020-12-18 18:35:53,-4976,15680,372,N
2020-12-18 18:35:54,-4916,15680,456,N
2020-12-18 18:35:55,-5004,15688,392,N
2020-12-18 18:35:56,-4980,15732,388,N
2020-12-18 18:35:57,-5012,15708,404,N
2020-12-18 18:35:58,-4956,15568,388,N
2020-12-18 18:35:59,-4964,15776,324,N
2020-12-18 18:36:00,-4960,15608,420,N
2020-12-18 18:36:01,-5048,15656,360,N
2020-12-18 18:36:02,-4980,15740,436,N
2020-12-18 18:36:03,-4944,15760,396,N
2020-12-18 18:36:04,-4980,15596,432,N
2020-12-18 18:36:05,-5000,15756,468,N
2020-12-18 18:36:06,-4984,15556,464,N
2020-12-18 18:36:07,-5040,15708,412,N
2020-12-18 18:36:08,-5132,15716,292,N
2020-12-18 18:36:09,-5104,15696,396,N
2020-12-18 18:36:10,-4980,15660,432,N
2020-12-18 18:36:11,-5008,15904,316,N
2020-12-18 18:36:12,-5020,15564,488,N
2020-12-18 18:36:13,-4952,15616,408,N
2020-12-18 18:36:14,-5028,15600,496,N
2020-12-18 18:36:15,-5056,15736,384,N
2020-12-18 18:36:16,-5052,15628,496,N
2020-12-18 18:36:17,-5024,15640,456,N
2020-12-18 18:36:18,-5060,15676,456,N
2020-12-18 18:36:19,-5008,15632,392,N
2020-12-18 18:36:20,-5104,15644,420,N
2020-12-18 18:36:21,-5060,15656,436,N
2020-12-18 18:36:22,-5028,15688,408,N
2020-12-18 18:36:54,-4432,15828,240,N
2020-12-18 18:36:54,-4608,15716,144,N
2020-12-18 18:36:54,-4456,15844,104,N
2020-12-18 18:36:54,-4960,15564,108,N
2020-12-18 18:36:54,-4560,15544,484,N
2020-12-18 18:36:55,-4796,15700,120,N
2020-12-18 18:36:56,-4784,15700,280,N
2020-12-18 18:36:57,-4032,16148,252,N
2020-12-18 18:36:58,-4880,15328,448,N
2020-12-18 18:36:59,-4708,16264,-148,N
2020-12-18 18:37:00,-4576,15920,144,N
2020-12-18 18:37:01,-3944,16028,328,N
2020-12-18 18:37:02,-4420,16328,-44,N
2020-12-18 18:37:03,-4720,15768,184,N
2020-12-18 18:37:04,-4960,15244,376,N
2020-12-18 18:37:05,-5072,15488,100,N
2020-12-18 18:37:06,-4632,15676,264,N
2020-12-18 18:37:07,-4228,15952,200,N
2020-12-18 18:37:08,-3740,16172,504,N
2020-12-18 18:37:10,-4316,15964,248,N
2020-12-18 18:37:11,-4012,16128,448,N
2020-12-18 18:37:12,-4576,15300,672,N
2020-12-18 18:37:16,-4948,15340,204,N
2020-12-18 18:37:17,-4960,15408,88,N
2020-12-18 18:37:18,-5816,15452,192,N
2020-12-18 18:37:19,-5100,16144,-368,N
2020-12-18 18:37:20,-4772,16124,-136,N
2020-12-18 18:37:21,-4256,16008,112,N
2020-12-18 18:37:22,-4744,15812,264,N
2020-12-18 18:37:23,-5628,15676,88,N
